ADMIN1_ID,ADMIN1_NAME
AFG.1_1,Badakhshan
AFG.2_1,Badghis
AFG.3_1,Baghlan
AFG.4_1,Balkh
AFG.5_1,Bamyan
AFG.6_1,Daykundi
AFG.7_1,Farah
AFG.8_1,Faryab
AFG.9_1,Ghazni
AFG.10_1,Ghor
AFG.11_1,Hilmand
AFG.12_1,Hirat
AFG.13_1,Jawzjan
AFG.14_1,Kabul
AFG.15_1,Kandahar
AFG.16_1,Kapisa
AFG.17_1,Khost
AFG.18_1,Kunar
AFG.19_1,Kunduz
AFG.20_1,Laghman
AFG.21_1,Logar
AFG.22_1,Nangarhar
AFG.23_1,Nimroz
AFG.24_1,Nuristan
AFG.25_1,Paktika
AFG.26_1,Paktya
AFG.27_1,Panjshir
AFG.28_1,Parwan
AFG.29_1,Samangan
AFG.30_1,Sari Pul
AFG.31_1,Takhar
AFG.32_1,Uruzgan
AFG.33_1,Wardak
AFG.34_1,Zabul
AGO.1_1,Bengo
AGO.2_1,Benguela
AGO.3_1,Bié
AGO.4_1,Cabinda
AGO.5_1,Cuando Cubango
AGO.6_1,Cuanza Norte
AGO.7_1,Cuanza Sul
AGO.8_1,Cunene
AGO.9_1,Huambo
AGO.10_1,Huíla
AGO.11_1,Luanda
AGO.12_1,Lunda Norte
AGO.13_1,Lunda Sul
AGO.14_1,Malanje
AGO.15_1,Moxico
AGO.16_1,Namibe
AGO.17_1,Uíge
AGO.18_1,Zaire
AIA.1_1,Blowing Point
AIA.15_1,Dog Island
AIA.2_1,East End
AIA.3_1,George Hill
AIA.4_1,Island Harbour
AIA.5_1,North Hill
AIA.6_1,North Side
AIA.16_1,Pricly Pear Cays
AIA.7_1,Sandy Ground
AIA.8_1,Sandy Hill
AIA.17_1,Scrub Island
AIA.18_1,Sombrero Island
AIA.9_1,South Hill
AIA.10_1,Stoney Ground
AIA.11_1,The Farrington
AIA.12_1,The Quarter
AIA.13_1,The Valley
AIA.14_1,West End
ALA.1_2,Archipelago
ALA.2_2,Countryside
ALA.3_2,Mariehamn
ALB.1_1,Berat
ALB.2_1,Dibër
ALB.3_1,Durrës
ALB.4_1,Elbasan
ALB.5_1,Fier
ALB.6_1,Gjirokastër
ALB.7_1,Korçë
ALB.8_1,Kukës
ALB.9_1,Lezhë
ALB.10_1,Shkodër
ALB.11_1,Tiranë
ALB.12_1,Vlorë
AND.1_1,Andorra la Vella
AND.2_1,Canillo
AND.3_1,Encamp
AND.4_1,Escaldes-Engordany
AND.5_1,La Massana
AND.6_1,Ordino
AND.7_1,Sant Julià de Lòria
ARE.1_1,Abu Dhabi
ARE.2_1,Ajman
ARE.3_1,Dubai
ARE.4_1,Fujairah
ARE.5_1,Ras Al-Khaimah
ARE.6_1,Sharjah
ARE.7_1,Umm al-Qaywayn
ARG.1_1,Buenos Aires
ARG.2_1,Catamarca
ARG.3_1,Chaco
ARG.4_1,Chubut
ARG.5_1,Ciudad de Buenos Aires
ARG.6_1,Córdoba
ARG.7_1,Corrientes
ARG.8_1,Entre Ríos
ARG.9_1,Formosa
ARG.10_1,Jujuy
ARG.11_1,La Pampa
ARG.12_1,La Rioja
ARG.13_1,Mendoza
ARG.14_1,Misiones
ARG.15_1,Neuquén
ARG.16_1,Río Negro
ARG.17_1,Salta
ARG.18_1,San Juan
ARG.19_1,San Luis
ARG.20_1,Santa Cruz
ARG.21_1,Santa Fe
ARG.22_1,Santiago del Estero
ARG.23_1,Tierra del Fuego
ARG.24_1,Tucumán
ARM.1_1,Aragatsotn
ARM.2_1,Ararat
ARM.3_1,Armavir
ARM.4_1,Erevan
ARM.5_1,Gegharkunik
ARM.6_1,Kotayk
ARM.7_1,Lori
ARM.8_1,Shirak
ARM.9_1,Syunik
ARM.10_1,Tavush
ARM.11_1,Vayots Dzor
ASM.1_1,Eastern
ASM.2_1,Manu'a
ASM.3_1,Unorganized
ASM.4_1,Western
ATF.1_1,Îles Crozet
ATF.2_1,Îles Éparses
ATF.3_1,Îles Saint Paul et Amsterdam
ATF.4_1,Kerguelen
ATG.1_1,Barbuda
ATG.2_1,Redonda
ATG.3_1,Saint George
ATG.4_1,Saint John
ATG.5_1,Saint Mary
ATG.6_1,Saint Paul
ATG.7_1,Saint Peter
ATG.8_1,Saint Philip
AUS.1_1,Ashmore and Cartier Islands
AUS.2_1,Australian Capital Territory
AUS.3_1,Coral Sea Islands Territory
AUS.4_1,Jervis Bay Territory
AUS.5_1,New South Wales
AUS.6_1,Northern Territory
AUS.7_1,Queensland
AUS.8_1,South Australia
AUS.9_1,Tasmania
AUS.10_1,Victoria
AUS.11_1,Western Australia
AUT.1_1,Burgenland
AUT.2_1,Kärnten
AUT.3_1,Niederösterreich
AUT.4_1,Oberösterreich
AUT.5_1,Salzburg
AUT.6_1,Steiermark
AUT.7_1,Tirol
AUT.8_1,Vorarlberg
AUT.9_1,Wien
AZE.1_1,Absheron
AZE.2_1,Aran
AZE.3_1,Daglig-Shirvan
AZE.4_1,Ganja-Qazakh
AZE.5_1,Kalbajar-Lachin
AZE.6_1,Lankaran
AZE.7_1,Nakhchivan
AZE.8_1,Quba-Khachmaz
AZE.9_1,Shaki-Zaqatala
AZE.10_1,Yukhari-Karabakh
BDI.1_1,Bubanza
BDI.2_1,Bujumbura Mairie
BDI.3_1,Bujumbura Rural
BDI.4_1,Bururi
BDI.5_1,Cankuzo
BDI.6_1,Cibitoke
BDI.7_1,Gitega
BDI.8_1,Karuzi
BDI.9_1,Kayanza
BDI.10_1,Kirundo
BDI.11_1,Makamba
BDI.12_1,Muramvya
BDI.13_1,Muyinga
BDI.14_1,Mwaro
BDI.15_1,Ngozi
BDI.16_1,Rutana
BDI.17_1,Ruyigi
BEL.1_1,Bruxelles
BEL.2_1,Vlaanderen
BEL.3_1,Wallonie
BEN.1_1,Alibori
BEN.2_1,Atakora
BEN.3_1,Atlantique
BEN.4_1,Borgou
BEN.5_1,Collines
BEN.6_1,Donga
BEN.7_1,Kouffo
BEN.8_1,Littoral
BEN.9_1,Mono
BEN.10_1,Ouémé
BEN.11_1,Plateau
BEN.12_1,Zou
BES.1_1,Bonaire
BES.2_1,Saba
BES.3_1,Sint Eustatius
BFA.1_1,Boucle du Mouhoun
BFA.2_1,Cascades
BFA.7_1,Centre
BFA.3_1,Centre-Est
BFA.4_1,Centre-Nord
BFA.5_1,Centre-Ouest
BFA.6_1,Centre-Sud
BFA.8_1,Est
BFA.9_1,Haut-Bassins
BFA.10_1,Nord
BFA.11_1,Plateau-Central
BFA.12_1,Sahel
BFA.13_1,Sud-Ouest
BGD.1_1,Barisal
BGD.2_1,Chittagong
BGD.3_1,Dhaka
BGD.4_1,Khulna
BGD.8_1,Mymensingh
BGD.5_1,Rajshahi
BGD.6_1,Rangpur
BGD.7_1,Sylhet
BGR.1_1,Blagoevgrad
BGR.2_1,Burgas
BGR.3_1,Dobrich
BGR.4_1,Gabrovo
BGR.5_1,Grad Sofiya
BGR.6_1,Haskovo
BGR.7_1,Kardzhali
BGR.8_1,Kyustendil
BGR.9_1,Lovech
BGR.10_1,Montana
BGR.11_1,Pazardzhik
BGR.12_1,Pernik
BGR.13_1,Pleven
BGR.14_1,Plovdiv
BGR.15_1,Razgrad
BGR.16_1,Ruse
BGR.17_1,Shumen
BGR.18_1,Silistra
BGR.19_1,Sliven
BGR.20_1,Smolyan
BGR.21_1,Sofia
BGR.22_1,Stara Zagora
BGR.23_1,Targovishte
BGR.24_1,Varna
BGR.25_1,Veliko Tarnovo
BGR.26_1,Vidin
BGR.27_1,Vratsa
BGR.28_1,Yambol
BHR.1_1,Capital
BHR.3_1,Muharraq
BHR.4_1,Northern
BHR.5_1,Southern
BHS.1_1,Acklins
BHS.2_1,Berry Islands
BHS.3_1,Biminis
BHS.4_1,Black Point
BHS.5_1,Cat Island
BHS.6_1,Central Abaco
BHS.7_1,Central Andros
BHS.8_1,Central Eleuthera
BHS.9_1,City of Freeport
BHS.10_1,Crooked Island
BHS.11_1,East Grand Bahama
BHS.12_1,Exuma
BHS.13_1,Grand Cay
BHS.14_1,Harbour Island
BHS.15_1,Hope Town
BHS.16_1,Inagua
BHS.17_1,Long Island
BHS.18_1,Mangrove Cay
BHS.19_1,Mayaguana
BHS.20_1,Moore's Island
BHS.21_1,New Providence
BHS.22_1,North Abaco
BHS.23_1,North Andros
BHS.24_1,North Eleuthera
BHS.25_1,Ragged Island
BHS.26_1,Rum Cay
BHS.27_1,San Salvador
BHS.28_1,South Abaco
BHS.29_1,South Andros
BHS.30_1,South Eleuthera
BHS.31_1,Spanish Wells
BHS.32_1,West Grand Bahama
BIH.1_1,Brčko
BIH.2_1,Federacija Bosna i Hercegovina
BIH.3_1,Repuplika Srpska
BLM.1_1,Au Vent
BLM.2_1,Sous le Vent
BLR.1_1,Brest
BLR.2_1,Gomel
BLR.3_1,Grodno
BLR.5_1,Minsk
BLR.7_1,Minsk
BLR.4_1,Mogilev
BLR.6_1,Vitebsk
BLZ.1_1,Belize
BLZ.2_1,Cayo
BLZ.3_1,Corozal
BLZ.4_1,Orange Walk
BLZ.5_1,Stann Creek
BLZ.6_1,Toledo
BMU.1_1,Devonshire
BMU.2_1,Hamilton
BMU.3_1,Hamilton Municipality
BMU.4_1,Paget
BMU.5_1,Pembroke
BMU.6_1,Saint George's
BMU.7_1,Saint George municipality
BMU.8_1,Sandys
BMU.9_1,Smiths
BMU.10_1,Southampton
BMU.11_1,Warwick
BOL.3_1,Beni
BOL.1_1,Chuquisaca
BOL.2_1,Cochabamba
BOL.4_1,La Paz
BOL.5_1,Oruro
BOL.6_1,Pando
BOL.7_1,Potosí
BOL.8_1,Santa Cruz
BOL.9_1,Tarija
BRA.1_1,Acre
BRA.2_1,Alagoas
BRA.3_1,Amapá
BRA.4_1,Amazonas
BRA.5_1,Bahia
BRA.6_1,Ceará
BRA.7_1,Distrito Federal
BRA.8_1,Espírito Santo
BRA.9_1,Goiás
BRA.10_1,Maranhão
BRA.12_1,Mato Grosso
BRA.11_1,Mato Grosso do Sul
BRA.13_1,Minas Gerais
BRA.14_1,Pará
BRA.15_1,Paraíba
BRA.16_1,Paraná
BRA.17_1,Pernambuco
BRA.18_1,Piauí
BRA.19_1,Rio de Janeiro
BRA.20_1,Rio Grande do Norte
BRA.21_1,Rio Grande do Sul
BRA.22_1,Rondônia
BRA.23_1,Roraima
BRA.24_1,Santa Catarina
BRA.25_1,São Paulo
BRA.26_1,Sergipe
BRA.27_1,Tocantins
BRB.1_1,Christ Church
BRB.2_1,Saint Andrew
BRB.3_1,Saint George
BRB.4_1,Saint James
BRB.5_1,Saint John
BRB.6_1,Saint Joseph
BRB.7_1,Saint Lucy
BRB.8_1,Saint Michael
BRB.9_1,Saint Peter
BRB.10_1,Saint Philip
BRB.11_1,Saint Thomas
BRN.1_1,Belait
BRN.2_1,Brunei and Muara
BRN.3_1,Temburong
BRN.4_1,Tutong
BTN.1_1,Bumthang
BTN.2_1,Chhukha
BTN.3_1,Dagana
BTN.4_1,Gasa
BTN.5_1,Haa
BTN.6_1,Lhuentse
BTN.7_1,Monggar
BTN.8_1,Paro
BTN.9_1,Pema Gatshel
BTN.10_1,Punakha
BTN.11_1,Samdrup Jongkhar
BTN.12_1,Samtse
BTN.13_1,Sarpang
BTN.14_1,Thimphu
BTN.19_1,Trashi Yangtse
BTN.15_1,Trashigang
BTN.16_1,Trongsa
BTN.17_1,Tsirang
BTN.18_1,Wangdue Phodrang
BTN.20_1,Zhemgang
BWA.1_1,Central
BWA.2_1,Chobe
BWA.3_1,Francistown
BWA.4_1,Gaborone
BWA.5_1,Ghanzi
BWA.6_1,Jwaneng
BWA.7_1,Kgalagadi
BWA.8_1,Kgatleng
BWA.9_1,Kweneng
BWA.10_1,Lobatse
BWA.11_1,North-East
BWA.12_1,North-West
BWA.13_1,Selibe Phikwe
BWA.14_1,South-East
BWA.15_1,Southern
BWA.16_1,Sowa
CAF.1_1,Bamingui-Bangoran
CAF.2_1,Bangui
CAF.3_1,Basse-Kotto
CAF.4_1,Haut-Mbomou
CAF.5_1,Haute-Kotto
CAF.6_1,Kémo
CAF.7_1,Lobaye
CAF.8_1,Mambéré-Kadéï
CAF.9_1,Mbomou
CAF.10_1,Nana-Grébizi
CAF.11_1,Nana-Mambéré
CAF.12_1,Ombella-M'Poko
CAF.13_1,Ouaka
CAF.15_1,Ouham
CAF.14_1,Ouham-Pendé
CAF.16_1,Sangha-Mbaéré
CAF.17_1,Vakaga
CAN.1_1,Alberta
CAN.2_1,British Columbia
CAN.3_1,Manitoba
CAN.4_1,New Brunswick
CAN.5_1,Newfoundland and Labrador
CAN.6_1,Northwest Territories
CAN.7_1,Nova Scotia
CAN.8_1,Nunavut
CAN.9_1,Ontario
CAN.10_1,Prince Edward Island
CAN.11_1,Québec
CAN.12_1,Saskatchewan
CAN.13_1,Yukon
CHE.1_1,Aargau
CHE.2_1,Appenzell Ausserrhoden
CHE.3_1,Appenzell Innerrhoden
CHE.4_1,Basel-Landschaft
CHE.5_1,Basel-Stadt
CHE.6_1,Bern
CHE.7_1,Fribourg
CHE.8_1,Genève
CHE.9_1,Glarus
CHE.10_1,Graubünden
CHE.11_1,Jura
CHE.12_1,Lucerne
CHE.13_1,Neuchâtel
CHE.14_1,Nidwalden
CHE.15_1,Obwalden
CHE.16_1,Sankt Gallen
CHE.17_1,Schaffhausen
CHE.18_1,Schwyz
CHE.19_1,Solothurn
CHE.20_1,Thurgau
CHE.21_1,Ticino
CHE.22_1,Uri
CHE.23_1,Valais
CHE.24_1,Vaud
CHE.25_1,Zug
CHE.26_1,Zürich
CHL.2_1,Antofagasta
CHL.3_1,Araucanía
CHL.4_1,Arica y Parinacota
CHL.5_1,Atacama
CHL.1_1,Aysén del General Ibañez del Cam
CHL.6_1,Bío-Bío
CHL.7_1,Coquimbo
CHL.8_1,Libertador General Bernardo O'Hi
CHL.9_1,Los Lagos
CHL.10_1,Los Ríos
CHL.11_1,Magallanes y Antártica Chilena
CHL.12_1,Maule
CHL.13_1,Ñuble
CHL.14_1,Santiago Metropolitan
CHL.15_1,Tarapacá
CHL.16_1,Valparaíso
CIV.1_1,Abidjan
CIV.2_1,Bas-Sassandra
CIV.3_1,Comoé
CIV.4_1,Denguélé
CIV.5_1,Gôh-Djiboua
CIV.6_1,Lacs
CIV.7_1,Lagunes
CIV.8_1,Montagnes
CIV.9_1,Sassandra-Marahoué
CIV.10_1,Savanes
CIV.11_1,Vallée du Bandama
CIV.12_1,Woroba
CIV.13_1,Yamoussoukro
CIV.14_1,Zanzan
CMR.1_1,Adamaoua
CMR.2_1,Centre
CMR.3_1,Est
CMR.4_1,Extrême-Nord
CMR.5_1,Littoral
CMR.7_1,Nord
CMR.6_1,Nord-Ouest
CMR.8_1,Ouest
CMR.10_1,Sud
CMR.9_1,Sud-Ouest
COD.1_1,Bas-Uele
COD.2_1,Équateur
COD.3_1,Haut-Katanga
COD.4_1,Haut-Lomami
COD.5_1,Haut-Uele
COD.6_1,Ituri
COD.9_1,Kasaï
COD.7_1,Kasaï-Central
COD.8_1,Kasaï-Oriental
COD.10_1,Kinshasa
COD.11_1,Kongo-Central
COD.12_1,Kwango
COD.13_1,Kwilu
COD.14_1,Lomami
COD.15_1,Lualaba
COD.16_1,Mai-Ndombe
COD.17_1,Maniema
COD.18_1,Mongala
COD.19_1,Nord-Kivu
COD.20_1,Nord-Ubangi
COD.21_1,Sankuru
COD.22_1,Sud-Kivu
COD.23_1,Sud-Ubangi
COD.24_1,Tanganyika
COD.25_1,Tshopo
COD.26_1,Tshuapa
COG.1_1,Bouenza
COG.2_1,Brazzaville
COG.4_1,Cuvette
COG.3_1,Cuvette-Ouest
COG.5_1,Kouilou
COG.6_1,Lékoumou
COG.7_1,Likouala
COG.8_1,Niari
COG.9_1,Plateaux
COG.10_1,Pointe Noire
COG.11_1,Pool
COG.12_1,Sangha
COK.1_1,Aitutaki
COK.2_1,Atiu
COK.3_1,Mangaia
COK.4_1,Manihiki
COK.5_1,Mauke
COK.6_1,Mitiaro
COK.7_1,Palmerston
COK.8_1,Penhryn
COK.9_1,Pukapuka
COK.10_1,Rakahanga
COK.11_1,Rarotonga
COL.1_2,Amazonas
COL.2_2,Antioquia
COL.3_2,Arauca
COL.4_2,Atlántico
COL.5_2,Bogotá D.C.
COL.6_2,Bolívar
COL.7_2,Boyacá
COL.8_2,Caldas
COL.9_2,Caquetá
COL.10_2,Casanare
COL.11_2,Cauca
COL.12_2,Cesar
COL.13_2,Chocó
COL.14_2,Córdoba
COL.15_2,Cundinamarca
COL.16_2,Guainía
COL.17_2,Guaviare
COL.18_2,Huila
COL.19_2,La Guajira
COL.20_2,Magdalena
COL.21_2,Meta
COL.22_2,Nariño
COL.23_2,Norte de Santander
COL.24_2,Putumayo
COL.25_2,Quindío
COL.26_2,Risaralda
COL.27_1,San Andrés y Providencia
COL.28_2,Santander
COL.29_2,Sucre
COL.30_2,Tolima
COL.31_2,Valle del Cauca
COL.32_2,Vaupés
COL.33_2,Vichada
COM.3_1,Mwali
COM.2_1,Njazídja
COM.1_1,Nzwani
CPV.1_1,Boa Vista
CPV.2_1,Brava
CPV.3_1,Maio
CPV.4_1,Mosteiros
CPV.5_1,Paúl
CPV.6_1,Porto Novo
CPV.7_1,Praia
CPV.8_1,Ribeira Brava
CPV.9_1,Ribeira Grande
CPV.10_1,Ribeira Grande de Santiago
CPV.11_1,Sal
CPV.12_1,Santa Catarina
CPV.13_1,Santa Catarina do Fogo
CPV.14_1,Santa Cruz
CPV.15_1,São Domingos
CPV.16_1,São Filipe
CPV.17_1,São Lourenço dos Órgãos
CPV.18_1,São Miguel
CPV.19_1,São Salvador do Mundo
CPV.20_1,São Vicente
CPV.21_1,Tarrafal
CPV.22_1,Tarrafal de São Nicolau
CRI.1_1,Alajuela
CRI.2_1,Cartago
CRI.3_1,Guanacaste
CRI.4_1,Heredia
CRI.5_1,Limón
CRI.6_1,Puntarenas
CRI.7_1,San José
CUB.1_1,Camagüey
CUB.2_1,Ciego de Ávila
CUB.3_1,Cienfuegos
CUB.4_1,Ciudad de la Habana
CUB.5_1,Granma
CUB.6_1,Guantánamo
CUB.7_1,Holguín
CUB.8_1,Isla de la Juventud
CUB.9_1,La Habana
CUB.10_1,Las Tunas
CUB.11_1,Matanzas
CUB.12_1,Mayabeque
CUB.13_1,Pinar del Río
CUB.14_1,Sancti Spíritus
CUB.15_1,Santiago de Cuba
CUB.16_1,Villa Clara
CYM.1_1,Bodden Town
CYM.3_1,East End
CYM.4_1,George Town
CYM.6_1,North Side
CYM.8_1,Sister Islands
CYM.7_1,West Bay
CYP.1_1,Famagusta
CYP.2_1,Larnaca
CYP.3_1,Limassol
CYP.4_1,Nicosia
CYP.5_1,Paphos
CZE.1_1,Jihočeský
CZE.2_1,Jihomoravský
CZE.3_1,Karlovarský
CZE.4_1,Kraj Vysočina
CZE.5_1,Královéhradecký
CZE.6_1,Liberecký
CZE.7_1,Moravskoslezský
CZE.8_1,Olomoucký
CZE.9_1,Pardubický
CZE.10_1,Plzeňský
CZE.11_1,Prague
CZE.12_1,Středočeský
CZE.13_1,Ústecký
CZE.14_1,Zlínský
DEU.1_1,Baden-Württemberg
DEU.2_1,Bayern
DEU.3_1,Berlin
DEU.4_1,Brandenburg
DEU.5_1,Bremen
DEU.6_1,Hamburg
DEU.7_1,Hessen
DEU.8_1,Mecklenburg-Vorpommern
DEU.9_1,Niedersachsen
DEU.10_1,Nordrhein-Westfalen
DEU.11_1,Rheinland-Pfalz
DEU.12_1,Saarland
DEU.14_1,Sachsen
DEU.13_1,Sachsen-Anhalt
DEU.15_1,Schleswig-Holstein
DEU.16_1,Thüringen
DJI.1_2,Ali Sabieh
DJI.6_1,Arta
DJI.2_1,Dikhil
DJI.3_1,Djiboutii
DJI.4_1,Obock
DJI.5_1,Tadjoura
DMA.1_1,Saint Andrew
DMA.2_1,Saint David
DMA.3_1,Saint George
DMA.4_1,Saint John
DMA.5_1,Saint Joseph
DMA.6_1,Saint Luke
DMA.7_1,Saint Mark
DMA.8_1,Saint Patrick
DMA.9_1,Saint Paul
DMA.10_1,Saint Peter
DNK.1_1,Hovedstaden
DNK.2_1,Midtjylland
DNK.3_1,Nordjylland
DNK.4_1,Sjælland
DNK.5_1,Syddanmark
DOM.1_1,Azua
DOM.2_1,Bahoruco
DOM.3_1,Barahona
DOM.4_1,Dajabón
DOM.5_1,Distrito Nacional
DOM.6_1,Duarte
DOM.7_1,El Seybo
DOM.8_1,Espaillat
DOM.9_1,Hato Mayor
DOM.10_1,Independencia
DOM.11_1,La Altagracia
DOM.12_1,La Estrelleta
DOM.13_1,La Romana
DOM.14_1,La Vega
DOM.15_1,María Trinidad Sánchez
DOM.16_1,Monseñor Nouel
DOM.17_1,Monte Cristi
DOM.18_1,Monte Plata
DOM.19_1,Pedernales
DOM.20_1,Peravia
DOM.21_1,Puerto Plata
DOM.22_1,Salcedo
DOM.23_1,Samaná
DOM.24_1,San Cristóbal
DOM.25_1,San José de Ocoa
DOM.26_1,San Juan
DOM.27_1,San Pedro de Macorís
DOM.28_1,Sánchez Ramírez
DOM.30_1,Santiago
DOM.29_1,Santiago Rodríguez
DOM.31_1,Santo Domingo
DOM.32_1,Valverde
DZA.1_1,Adrar
DZA.2_1,Aïn Defla
DZA.3_1,Aïn Témouchent
DZA.4_1,Alger
DZA.5_1,Annaba
DZA.6_1,Batna
DZA.7_1,Béchar
DZA.8_1,Béjaïa
DZA.9_1,Biskra
DZA.10_1,Blida
DZA.11_1,Bordj Bou Arréridj
DZA.12_1,Bouira
DZA.13_1,Boumerdès
DZA.14_1,Chlef
DZA.15_1,Constantine
DZA.16_1,Djelfa
DZA.17_1,El Bayadh
DZA.18_1,El Oued
DZA.19_1,El Tarf
DZA.20_1,Ghardaïa
DZA.21_1,Guelma
DZA.22_1,Illizi
DZA.23_1,Jijel
DZA.24_1,Khenchela
DZA.25_1,Laghouat
DZA.26_1,M'Sila
DZA.27_1,Mascara
DZA.28_1,Médéa
DZA.29_1,Mila
DZA.30_1,Mostaganem
DZA.31_1,Naâma
DZA.32_1,Oran
DZA.33_1,Ouargla
DZA.34_1,Oum el Bouaghi
DZA.35_1,Relizane
DZA.36_1,Saïda
DZA.37_1,Sétif
DZA.38_1,Sidi Bel Abbès
DZA.39_1,Skikda
DZA.40_1,Souk Ahras
DZA.41_1,Tamanghasset
DZA.42_1,Tébessa
DZA.43_1,Tiaret
DZA.44_1,Tindouf
DZA.45_1,Tipaza
DZA.46_1,Tissemsilt
DZA.47_1,Tizi Ouzou
DZA.48_1,Tlemcen
ECU.1_1,Azuay
ECU.2_1,Bolivar
ECU.3_1,Cañar
ECU.4_1,Carchi
ECU.5_1,Chimborazo
ECU.6_1,Cotopaxi
ECU.7_1,El Oro
ECU.8_1,Esmeraldas
ECU.9_1,Galápagos
ECU.10_1,Guayas
ECU.11_1,Imbabura
ECU.12_1,Loja
ECU.13_1,Los Rios
ECU.14_1,Manabi
ECU.15_1,Morona Santiago
ECU.16_1,Napo
ECU.17_1,Orellana
ECU.18_1,Pastaza
ECU.19_1,Pichincha
ECU.20_1,Santa Elena
ECU.21_1,Santo Domingo de los Tsachilas
ECU.22_1,Sucumbios
ECU.23_1,Tungurahua
ECU.24_1,Zamora Chinchipe
EGY.1_1,Ad Daqahliyah
EGY.2_1,Al Bahr al Ahmar
EGY.3_1,Al Buhayrah
EGY.4_1,Al Fayyum
EGY.5_1,Al Gharbiyah
EGY.6_1,Al Iskandariyah
EGY.7_1,Al Isma`iliyah
EGY.8_1,Al Jizah
EGY.9_1,Al Minufiyah
EGY.10_1,Al Minya
EGY.11_1,Al Qahirah
EGY.12_1,Al Qalyubiyah
EGY.13_1,Al Uqsur
EGY.14_1,Al Wadi al Jadid
EGY.15_1,As Suways
EGY.16_1,Ash Sharqiyah
EGY.17_1,Aswan
EGY.18_1,Asyut
EGY.19_1,Bani Suwayf
EGY.20_1,Bur Sa`id
EGY.21_1,Dumyat
EGY.22_1,Janub Sina'
EGY.23_1,Kafr ash Shaykh
EGY.24_1,Matrouh
EGY.25_1,Qina
EGY.26_1,Shamal Sina'
EGY.27_1,Suhaj
ERI.6_1,Anseba
ERI.5_1,Debub
ERI.3_1,Debubawi Keyih Bahri
ERI.4_1,Gash Barka
ERI.1_1,Maekel
ERI.2_1,Semenawi Keyih Bahri
ESH.1_1,Boujdour
ESH.2_1,Es Semara
ESH.3_1,Laayoune
ESH.4_1,Oued el Dahab
ESP.1_1,Andalucía
ESP.2_1,Aragón
ESP.3_1,Cantabria
ESP.4_1,Castilla-La Mancha
ESP.5_1,Castilla y León
ESP.6_1,Cataluña
ESP.7_1,Ceuta y Melilla
ESP.8_1,Comunidad de Madrid
ESP.9_1,Comunidad Foral de Navarra
ESP.10_1,Comunidad Valenciana
ESP.11_1,Extremadura
ESP.12_1,Galicia
ESP.13_1,Islas Baleares
ESP.14_1,Islas Canarias
ESP.15_1,La Rioja
ESP.16_1,País Vasco
ESP.17_1,Principado de Asturias
ESP.18_1,Región de Murcia
EST.1_1,Harju
EST.2_1,Hiiu
EST.3_1,Ida-Viru
EST.4_1,Järva
EST.5_1,Jõgeva
EST.7_1,Lääne
EST.6_1,Lääne-Viru
EST.8_1,Pärnu
EST.9_1,Peipsi
EST.10_1,Põlva
EST.11_1,Rapla
EST.12_1,Saare
EST.13_1,Tartu
EST.14_1,Valga
EST.15_1,Viljandi
EST.16_1,Võru
ETH.1_1,Addis Abeba
ETH.2_1,Afar
ETH.3_1,Amhara
ETH.4_1,Benshangul-Gumaz
ETH.5_1,Dire Dawa
ETH.6_1,Gambela Peoples
ETH.7_1,Harari People
ETH.8_1,Oromia
ETH.9_1,Somali
ETH.10_1,"Southern Nations, Nationalities"
ETH.11_1,Tigray
FIN.1_1,Eastern Finland
FIN.2_1,Lapland
FIN.3_1,Oulu
FIN.4_1,Southern Finland
FIN.5_1,Western Finland
FJI.1_1,Central
FJI.2_1,Eastern
FJI.3_1,Northern
FJI.4_1,Rotuma
FJI.5_1,Western
FRA.1_1,Auvergne-Rhône-Alpes
FRA.2_1,Bourgogne-Franche-Comté
FRA.3_1,Bretagne
FRA.4_1,Centre-Val de Loire
FRA.5_1,Corse
FRA.6_1,Grand Est
FRA.7_1,Hauts-de-France
FRA.8_1,Île-de-France
FRA.9_1,Normandie
FRA.10_1,Nouvelle-Aquitaine
FRA.11_1,Occitanie
FRA.12_1,Pays de la Loire
FRA.13_1,Provence-Alpes-Côte d'Azur
FRO.1_1,Eysturoyar
FRO.2_1,Norderøerne
FRO.3_1,Sandoyar
FRO.4_1,Streymoyar
FRO.5_1,Suðuroyar
FRO.6_1,Vågø
FSM.1_1,Chuuk
FSM.2_1,Kosrae
FSM.3_1,Pohnpei
FSM.4_1,Yap
GAB.1_1,Estuaire
GAB.2_1,Haut-Ogooué
GAB.3_1,Moyen-Ogooué
GAB.4_1,Ngounié
GAB.5_1,Nyanga
GAB.6_1,Ogooué-Ivindo
GAB.7_1,Ogooué-Lolo
GAB.8_1,Ogooué-Maritime
GAB.9_1,Wouleu-Ntem
GBR.2_1,Northern Ireland
GBR.3_1,Scotland
GBR.4_1,Wales
GBR.1_1,England
NA,NA
GEO.1_1,Abkhazia
GEO.2_1,Ajaria
GEO.3_1,Guria
GEO.4_1,Imereti
GEO.5_1,Kakheti
GEO.6_1,Kvemo Kartli
GEO.7_1,Mtskheta-Mtianeti
GEO.8_1,Racha-Lechkhumi-Kvemo Svaneti
GEO.9_1,Samegrelo-Zemo Svaneti
GEO.10_1,Samtskhe-Javakheti
GEO.11_1,Shida Kartli
GEO.12_1,Tbilisi
GGY.1_1,Alderney
GGY.3_1,Castel
GGY.4_1,Forest
GGY.7_1,Saint Andrew
GGY.8_1,Saint Martin
GGY.9_1,Saint Peter Port
GGY.10_1,Saint Pierre du Bois
GGY.11_1,Saint Sampson
GGY.12_1,Saint Saviour
GGY.13_1,Sark
GGY.14_1,Torteval
GGY.15_1,Vale
GHA1_2,Ahafo
GHA2_2,Ashanti
GHA3_2,Bono
GHA4_2,Bono East
GHA5_2,Central
GHA6_2,Eastern
GHA7_2,Greater Accra
GHA8_2,North East
GHA9_2,Northern
GHA10_2,Oti
GHA11_2,Savannah
GHA12_2,Upper East
GHA13_2,Upper West
GHA14_2,Volta
GHA15_2,Western
GHA16_2,Western North
GIN.1_1,Boké
GIN.2_1,Conakry
GIN.3_1,Faranah
GIN.4_1,Kankan
GIN.5_1,Kindia
GIN.6_1,Labé
GIN.7_1,Mamou
GIN.8_1,Nzérékoré
GLP.1_1,Basse-Terre
GLP.2_1,Pointe-à-Pitre
GMB.1_1,Banjul
GMB.2_1,Lower River
GMB.3_1,Maccarthy Island
GMB.4_1,North Bank
GMB.5_1,Upper River
GMB.6_1,Western
GNB.1_1,Bafatá
GNB.2_1,Biombo
GNB.3_1,Bissau
GNB.4_1,Bolama
GNB.5_1,Cacheu
GNB.6_1,Gabú
GNB.7_1,Oio
GNB.8_1,Quinara
GNB.9_1,Tombali
GNQ.1_1,Annobón
GNQ.2_1,Bioko Norte
GNQ.3_1,Bioko Sur
GNQ.4_1,Centro Sur
GNQ.5_1,Kié-Ntem
GNQ.6_1,Litoral
GNQ.7_1,Wele-Nzas
GRC.1_1,Aegean
GRC.2_1,Athos
GRC.3_1,Attica
GRC.4_1,Crete
GRC.5_1,Epirus and Western Macedonia
GRC.6_1,Macedonia and Thrace
GRC.7_1,"Peloponnese, Western Greece and"
GRC.8_1,Thessaly and Central Greece
GRD.1_1,Carriacou
GRD.2_1,Saint Andrew
GRD.3_1,Saint David
GRD.4_1,Saint George
GRD.5_1,Saint John
GRD.6_1,Saint Mark
GRD.7_1,Saint Patrick
GRL.1_1,Kujalleq
GRL.2_1,Northeast Greenland National Par
GRL.3_1,Qaasuitsup
GRL.4_1,Qeqqata
GRL.5_1,Sermersooq
GTM.1_1,Alta Verapaz
GTM.2_1,Baja Verapaz
GTM.3_1,Chimaltenango
GTM.4_1,Chiquimula
GTM.5_1,El Progreso
GTM.6_1,Escuintla
GTM.7_1,Guatemala
GTM.8_1,Huehuetenango
GTM.9_1,Izabal
GTM.10_1,Jalapa
GTM.11_1,Jutiapa
GTM.12_1,Petén
GTM.13_1,Quezaltenango
GTM.14_1,Quiché
GTM.15_1,Retalhuleu
GTM.16_1,Sacatepéquez
GTM.17_1,San Marcos
GTM.18_1,Santa Rosa
GTM.19_1,Sololá
GTM.20_1,Suchitepéquez
GTM.21_1,Totonicapán
GTM.22_1,Zacapa
GUF.1_1,Cayenne
GUF.2_1,Saint-Laurent-du-Maroni
GUM.1_1,Agana Heights
GUM.2_1,Agat
GUM.3_1,Asan
GUM.4_1,Barrigada
GUM.5_1,Chalan-Pago-Ordot
GUM.6_1,Dededo
GUM.7_1,Hagåtña
GUM.8_1,Inarajan
GUM.9_1,Mangilao
GUM.10_1,Merizo
GUM.11_1,Mongmong-Toto-Maite
GUM.12_1,Piti
GUM.13_1,Santa Rita
GUM.14_1,Sinajana
GUM.15_1,Talofofo
GUM.16_1,Tamuning
GUM.17_1,Umatac
GUM.18_1,Yigo
GUM.19_1,Yona
GUY.1_1,Barima-Waini
GUY.2_1,Cuyuni-Mazaruni
GUY.3_1,Demerara-Mahaica
GUY.4_1,East Berbice-Corentyne
GUY.5_1,Essequibo Islands-West Demerara
GUY.6_1,Mahaica-Berbice
GUY.7_1,Pomeroon-Supenaam
GUY.8_1,Potaro-Siparuni
GUY.9_1,Upper Demerara-Berbice
GUY.10_1,Upper Takutu-Upper Essequibo
HND.1_1,Atlántida
HND.2_1,Choluteca
HND.3_1,Colón
HND.4_1,Comayagua
HND.5_1,Copán
HND.6_1,Cortés
HND.7_1,El Paraíso
HND.8_1,Francisco Morazán
HND.9_1,Gracias a Dios
HND.10_1,Intibucá
HND.11_1,Islas de la Bahía
HND.12_1,La Paz
HND.13_1,Lempira
HND.14_1,Ocotepeque
HND.15_1,Olancho
HND.16_1,Santa Bárbara
HND.17_1,Valle
HND.18_1,Yoro
HRV.1_1,Bjelovarska-Bilogorska
HRV.2_1,Brodsko-Posavska
HRV.3_1,Dubrovacko-Neretvanska
HRV.4_1,Grad Zagreb
HRV.5_1,Istarska
HRV.6_1,Karlovacka
HRV.7_1,Koprivničko-Križevačka
HRV.8_1,Krapinsko-Zagorska
HRV.9_1,Licko-Senjska
HRV.10_1,Medimurska
HRV.11_1,Osjecko-Baranjska
HRV.12_1,Požeško-Slavonska
HRV.13_1,Primorsko-Goranska
HRV.14_1,Šibensko-Kninska
HRV.15_1,Sisacko-Moslavacka
HRV.16_1,Splitsko-Dalmatinska
HRV.17_1,Varaždinska
HRV.18_1,Viroviticko-Podravska
HRV.19_1,Vukovarsko-Srijemska
HRV.20_1,Zadarska
HRV.21_1,Zagrebačka
HTI.1_1,Centre
HTI.2_1,Grand'Anse
HTI.3_1,L'Artibonite
HTI.4_1,Nippes
HTI.7_1,Nord
HTI.5_1,Nord-Est
HTI.6_1,Nord-Ouest
HTI.8_1,Ouest
HTI.10_1,Sud
HTI.9_1,Sud-Est
HUN.1_1,Bács-Kiskun
HUN.2_1,Baranya
HUN.3_1,Békés
HUN.4_1,Borsod-Abaúj-Zemplén
HUN.5_1,Budapest
HUN.6_1,Csongrád
HUN.7_1,Fejér
HUN.8_1,Gyor-Moson-Sopron
HUN.9_1,Hajdú-Bihar
HUN.10_1,Heves
HUN.11_1,Jász-Nagykun-Szolnok
HUN.12_1,Komárom-Esztergom
HUN.13_1,Nógrád
HUN.14_1,Pest
HUN.15_1,Somogy
HUN.16_1,Szabolcs-Szatmár-Bereg
HUN.17_1,Tolna
HUN.18_1,Vas
HUN.19_1,Veszprém
HUN.20_1,Zala
IDN.1_1,Aceh
IDN.2_1,Bali
IDN.3_1,Bangka Belitung
IDN.4_1,Banten
IDN.5_1,Bengkulu
IDN.6_1,Gorontalo
IDN.7_1,Jakarta Raya
IDN.8_1,Jambi
IDN.9_1,Jawa Barat
IDN.10_1,Jawa Tengah
IDN.11_1,Jawa Timur
IDN.12_1,Kalimantan Barat
IDN.13_1,Kalimantan Selatan
IDN.14_1,Kalimantan Tengah
IDN.34_1,Kalimantan Timur
IDN.35_1,Kalimantan Utara
IDN.16_1,Kepulauan Riau
IDN.17_1,Lampung
IDN.19_1,Maluku
IDN.18_1,Maluku Utara
IDN.20_1,Nusa Tenggara Barat
IDN.21_1,Nusa Tenggara Timur
IDN.23_1,Papua
IDN.22_1,Papua Barat
IDN.24_1,Riau
IDN.25_1,Sulawesi Barat
IDN.26_1,Sulawesi Selatan
IDN.27_1,Sulawesi Tengah
IDN.28_1,Sulawesi Tenggara
IDN.29_1,Sulawesi Utara
IDN.30_1,Sumatera Barat
IDN.31_1,Sumatera Selatan
IDN.32_1,Sumatera Utara
IDN.33_1,Yogyakarta
IMN.1_2,Andreas
IMN.2_2,Arbory & Rushen
IMN.3_2,Ballaugh
IMN.4_2,Braddan
IMN.5_2,Bride
IMN.6_2,Castletown
IMN.7_2,Douglas
IMN.8_2,Garff
IMN.9_2,German
IMN.10_2,Jurby
IMN.11_2,Lezayre
IMN.12_2,Malew
IMN.13_2,Marown
IMN.14_2,Michael
IMN.15_2,Onchan
IMN.16_2,Patrick
IMN.17_2,Peel
IMN.18_2,Port Erin
IMN.19_2,Port Saint Mary
IMN.20_2,Ramsey
IMN.21_2,Santon
IRL.1_1,Carlow
IRL.2_1,Cavan
IRL.3_1,Clare
IRL.5_1,Donegal
IRL.6_1,Dublin
IRL.7_1,Galway
IRL.8_1,Kerry
IRL.9_1,Kildare
IRL.10_1,Kilkenny
IRL.11_1,Laois
IRL.12_1,Leitrim
IRL.13_1,Limerick
IRL.14_1,Longford
IRL.15_1,Louth
IRL.16_1,Mayo
IRL.17_1,Meath
IRL.18_1,Monaghan
IRL.19_1,Offaly
IRL.20_1,Roscommon
IRL.21_1,Sligo
IRL.22_1,Tipperary
IRL.23_1,Waterford
IRL.24_1,Westmeath
IRL.25_1,Wexford
IRL.26_1,Wicklow
IRL.4_1,Cork
IRN.1_1,Alborz
IRN.2_1,Ardebil
IRN.3_1,Bushehr
IRN.4_1,Chahar Mahall and Bakhtiari
IRN.5_1,East Azarbaijan
IRN.6_1,Esfahan
IRN.7_1,Fars
IRN.8_1,Gilan
IRN.9_1,Golestan
IRN.10_1,Hamadan
IRN.11_1,Hormozgan
IRN.12_1,Ilam
IRN.13_1,Kerman
IRN.14_1,Kermanshah
IRN.15_1,Khuzestan
IRN.16_1,Kohgiluyeh and Buyer Ahmad
IRN.17_1,Kordestan
IRN.18_1,Lorestan
IRN.19_1,Markazi
IRN.20_1,Mazandaran
IRN.21_1,North Khorasan
IRN.22_1,Qazvin
IRN.23_1,Qom
IRN.24_1,Razavi Khorasan
IRN.25_1,Semnan
IRN.26_1,Sistan and Baluchestan
IRN.27_1,South Khorasan
IRN.28_1,Tehran
IRN.29_1,West Azarbaijan
IRN.30_1,Yazd
IRN.31_1,Zanjan
IRQ.1_1,Al-Anbar
IRQ.2_1,Al-Basrah
IRQ.3_1,Al-Muthannia
IRQ.4_1,Al-Qadisiyah
IRQ.5_1,An-Najaf
IRQ.6_1,Arbil
IRQ.7_1,As-Sulaymaniyah
IRQ.8_1,At-Ta'mim
IRQ.9_1,Babil
IRQ.10_1,Baghdad
IRQ.11_1,Dhi-Qar
IRQ.12_1,Dihok
IRQ.13_1,Diyala
IRQ.14_1,Karbala'
IRQ.15_1,Maysan
IRQ.16_1,Ninawa
IRQ.17_1,Sala ad-Din
IRQ.18_1,Wasit
ISL.1_1,Austurland
ISL.3_1,Höfuðborgarsvæði
ISL.2_1,Norðurland eystra
ISL.4_1,Norðurland vestra
ISL.5_1,Suðurland
ISL.6_1,Suðurnes
ISL.7_1,Vestfirðir
ISL.8_1,Vesturland
ISR.1_1,Golan
ISR.2_1,HaDarom
ISR.3_1,Haifa
ISR.4_1,HaMerkaz
ISR.5_1,HaZafon
ISR.6_1,Jerusalem
ISR.7_1,Tel Aviv
ITA.1_1,Abruzzo
ITA.2_1,Apulia
ITA.3_1,Basilicata
ITA.4_1,Calabria
ITA.5_1,Campania
ITA.6_1,Emilia-Romagna
ITA.7_1,Friuli-Venezia Giulia
ITA.8_1,Lazio
ITA.9_1,Liguria
ITA.10_1,Lombardia
ITA.11_1,Marche
ITA.12_1,Molise
ITA.13_1,Piemonte
ITA.14_1,Sardegna
ITA.15_1,Sicily
ITA.16_1,Toscana
ITA.17_1,Trentino-Alto Adige
ITA.18_1,Umbria
ITA.19_1,Valle d'Aosta
ITA.20_1,Veneto
JAM.1_1,Clarendon
JAM.2_1,Hanover
JAM.3_1,Kingston
JAM.4_1,Manchester
JAM.5_1,Portland
JAM.6_1,Saint Andrew
JAM.7_1,Saint Ann
JAM.8_1,Saint Catherine
JAM.9_1,Saint Elizabeth
JAM.10_1,Saint James
JAM.11_1,Saint Mary
JAM.12_1,Saint Thomas
JAM.13_1,Trelawny
JAM.14_1,Westmoreland
JEY.1_1,Grouville
JEY.2_1,Saint Berlade
JEY.3_1,Saint Clement
JEY.4_1,Saint Helier
JEY.5_1,Saint John
JEY.6_1,Saint Lawrence
JEY.7_1,Saint Martin
JEY.8_1,Saint Mary
JEY.9_1,Saint Ouen
JEY.10_1,Saint Peter
JEY.11_1,Saint Saviour
JEY.12_1,Trinity
JOR.1_1,Ajlun
JOR.2_1,Amman
JOR.3_1,Aqaba
JOR.4_1,Balqa
JOR.5_1,Irbid
JOR.6_1,Jarash
JOR.7_1,Karak
JOR.8_1,Ma`an
JOR.9_1,Madaba
JOR.10_1,Mafraq
JOR.11_1,Tafilah
JOR.12_1,Zarqa
JPN.1_1,Aichi
JPN.2_1,Akita
JPN.3_1,Aomori
JPN.4_1,Chiba
JPN.5_1,Ehime
JPN.6_1,Fukui
JPN.7_1,Fukuoka
JPN.8_1,Fukushima
JPN.9_1,Gifu
JPN.10_1,Gunma
JPN.11_1,Hiroshima
JPN.12_1,Hokkaido
JPN.13_1,Hyōgo
JPN.14_1,Ibaraki
JPN.15_1,Ishikawa
JPN.16_1,Iwate
JPN.17_1,Kagawa
JPN.18_1,Kagoshima
JPN.19_1,Kanagawa
JPN.20_1,Kochi
JPN.21_1,Kumamoto
JPN.22_1,Kyoto
JPN.23_1,Mie
JPN.24_1,Miyagi
JPN.25_1,Miyazaki
JPN.26_1,Nagano
JPN.27_1,Naoasaki
JPN.28_1,Nara
JPN.29_1,Niigata
JPN.30_1,Oita
JPN.31_1,Okayama
JPN.32_1,Okinawa
JPN.33_1,Osaka
JPN.34_1,Saga
JPN.35_1,Saitama
JPN.36_1,Shiga
JPN.37_1,Shimane
JPN.38_1,Shizuoka
JPN.39_1,Tochigi
JPN.40_1,Tokushima
JPN.41_1,Tokyo
JPN.42_1,Tottori
JPN.43_1,Toyama
JPN.44_1,Wakayama
JPN.45_1,Yamagata
JPN.46_1,Yamaguchi
JPN.47_1,Yamanashi
KAZ.1_1,Almaty
KAZ.2_1,Aqmola
KAZ.3_1,Aqtöbe
KAZ.4_1,Atyrau
KAZ.5_1,East Kazakhstan
KAZ.6_1,Mangghystau
KAZ.7_1,North Kazakhstan
KAZ.8_1,Pavlodar
KAZ.9_1,Qaraghandy
KAZ.10_1,Qostanay
KAZ.11_1,Qyzylorda
KAZ.12_1,South Kazakhstan
KAZ.13_1,West Kazakhstan
KAZ.14_1,Zhambyl
KEN.1_1,Baringo
KEN.2_1,Bomet
KEN.3_1,Bungoma
KEN.4_1,Busia
KEN.5_1,Elgeyo-Marakwet
KEN.6_1,Embu
KEN.7_1,Garissa
KEN.8_1,Homa Bay
KEN.9_1,Isiolo
KEN.10_1,Kajiado
KEN.11_1,Kakamega
KEN.12_1,Kericho
KEN.13_1,Kiambu
KEN.14_1,Kilifi
KEN.15_1,Kirinyaga
KEN.16_1,Kisii
KEN.17_1,Kisumu
KEN.18_1,Kitui
KEN.19_1,Kwale
KEN.20_1,Laikipia
KEN.21_1,Lamu
KEN.22_1,Machakos
KEN.23_1,Makueni
KEN.24_1,Mandera
KEN.25_1,Marsabit
KEN.26_1,Meru
KEN.27_1,Migori
KEN.28_1,Mombasa
KEN.29_1,Murang'a
KEN.30_1,Nairobi
KEN.31_1,Nakuru
KEN.32_1,Nandi
KEN.33_1,Narok
KEN.34_1,Nyamira
KEN.35_1,Nyandarua
KEN.36_1,Nyeri
KEN.37_1,Samburu
KEN.38_1,Siaya
KEN.39_1,Taita Taveta
KEN.40_1,Tana River
KEN.41_1,Tharaka-Nithi
KEN.42_1,Trans Nzoia
KEN.43_1,Turkana
KEN.44_1,Uasin Gishu
KEN.45_1,Vihiga
KEN.46_1,Wajir
KEN.47_1,West Pokot
KGZ.1_1,Batken
KGZ.2_1,Biškek
KGZ.3_1,Chüy
KGZ.4_1,Jalal-Abad
KGZ.5_1,Naryn
KGZ.7_1,Osh
KGZ.6_1,Osh (city)
KGZ.8_1,Talas
KGZ.9_1,Ysyk-Köl
KHM.1_1,Bântéay Méanchey
KHM.2_1,Batdâmbâng
KHM.3_1,Kâmpóng Cham
KHM.4_1,Kâmpóng Chhnang
KHM.5_1,Kâmpóng Spœ
KHM.6_1,Kâmpóng Thum
KHM.7_1,Kâmpôt
KHM.8_1,Kândal
KHM.9_1,Kaôh Kong
KHM.10_1,Kep
KHM.11_1,Krâchéh
KHM.12_1,Krong Pailin
KHM.13_1,Krong Preah Sihanouk
KHM.14_1,Môndól Kiri
KHM.15_1,Otdar Mean Chey
KHM.16_1,Phnom Penh
KHM.17_1,Pouthisat
KHM.18_1,Preah Vihéar
KHM.19_1,Prey Vêng
KHM.20_1,Rôtânôkiri
KHM.21_1,Siemréab
KHM.22_1,Stœng Trêng
KHM.23_1,Svay Rieng
KHM.24_1,Takêv
KHM.25_1,Tbong Khmum
KNA.1_1,Christ Church Nichola Town
KNA.2_1,Saint Anne Sandy Point
KNA.3_1,Saint George Basseterre
KNA.4_1,Saint George Gingerland
KNA.5_1,Saint James Windward
KNA.6_1,Saint John Capisterre
KNA.7_1,Saint John Figtree
KNA.8_1,Saint Mary Cayon
KNA.9_1,Saint Paul Capisterre
KNA.10_1,Saint Paul Charlestown
KNA.11_1,Saint Peter Basseterre
KNA.12_1,Saint Thomas Lowland
KNA.13_1,Saint Thomas Middle Island
KNA.14_1,Trinity Palmetto Point
KOR.1_1,Busan
KOR.2_1,Chungcheongbuk-do
KOR.3_1,Chungcheongnam-do
KOR.4_1,Daegu
KOR.5_1,Daejeon
KOR.6_1,Gangwon-do
KOR.7_1,Gwangju
KOR.8_1,Gyeonggi-do
KOR.9_1,Gyeongsangbuk-do
KOR.10_1,Gyeongsangnam-do
KOR.11_1,Incheon
KOR.12_1,Jeju
KOR.13_1,Jeollabuk-do
KOR.14_1,Jeollanam-do
KOR.15_1,Sejong
KOR.16_1,Seoul
KOR.17_1,Ulsan
KWT.1_1,Al Ahmadi
KWT.2_1,Al Farwaniyah
KWT.3_1,Al Jahrah
KWT.4_1,Al Kuwayt
KWT.5_1,Hawalli
KWT.6_1,Mubarak Al-Kabeer
LAO.1_1,Attapu
LAO.2_1,Bokeo
LAO.3_1,Bolikhamxai
LAO.4_1,Champasak
LAO.5_1,Houaphan
LAO.6_1,Khammouan
LAO.7_1,Louang Namtha
LAO.8_1,Louangphrabang
LAO.9_1,Oudômxai
LAO.10_1,Phôngsali
LAO.11_1,Saravan
LAO.12_1,Savannakhét
LAO.14_1,Vientiane
LAO.13_1,Vientiane [prefecture]
LAO.15_1,Xaignabouri
LAO.16_1,Xaisômboun
LAO.17_1,Xékong
LAO.18_1,Xiangkhoang
LBN.1_1,Akkar
LBN.2_1,Baalbak - Hermel
LBN.3_1,Beirut
LBN.4_1,Bekaa
LBN.5_1,Mount Lebanon
LBN.6_1,Nabatiyeh
LBN.7_1,North
LBN.8_1,South
LBR.1_1,Bomi
LBR.2_1,Bong
LBR.3_1,Gbapolu
LBR.5_1,Grand Bassa
LBR.4_1,Grand Cape Mount
LBR.6_1,Grand Gedeh
LBR.7_1,Grand Kru
LBR.8_1,Lofa
LBR.9_1,Margibi
LBR.10_1,Maryland
LBR.11_1,Montserrado
LBR.12_1,Nimba
LBR.14_1,River Gee
LBR.13_1,Rivercess
LBR.15_1,Sinoe
LBY.1_1,Al Butnan
LBY.2_1,Al Jabal al Akhdar
LBY.3_1,Al Jabal al Gharbi
LBY.4_1,Al Jifarah
LBY.5_1,Al Jufrah
LBY.6_1,Al Kufrah
LBY.7_1,Al Marj
LBY.8_1,Al Marqab
LBY.9_1,Al Wahat
LBY.10_1,An Nuqat al Khams
LBY.11_1,Az Zawiyah
LBY.12_1,Benghazi
LBY.13_1,Darnah
LBY.14_1,Ghat
LBY.15_1,Misratah
LBY.16_1,Murzuq
LBY.17_1,Nalut
LBY.18_1,Sabha
LBY.19_1,Surt
LBY.20_1,Tripoli
LBY.21_1,Wadi al Hayat
LBY.22_1,Wadi ash Shati'
LCA.1_1,Anse-la-Raye
LCA.2_1,Canaries
LCA.3_1,Castries
LCA.4_1,Choiseul
LCA.5_1,Dennery
LCA.6_1,Gros Islet
LCA.7_1,Laborie
LCA.8_1,Micoud
LCA.9_1,Soufrière
LCA.10_1,Vieux Fort
LIE.1_1,Balzers
LIE.2_1,Eschen
LIE.3_1,Gamprin
LIE.4_1,Mauren
LIE.5_1,Planken
LIE.6_1,Ruggell
LIE.7_1,Schaan
LIE.8_1,Schellenberg
LIE.9_1,Triesen
LIE.10_1,Triesenberg
LIE.11_1,Valduz
LKA.1_1,Ampara
LKA.2_1,Anuradhapura
LKA.3_1,Badulla
LKA.4_1,Batticaloa
LKA.5_1,Colombo
LKA.6_1,Galle
LKA.7_1,Gampaha
LKA.8_1,Hambantota
LKA.9_1,Jaffna
LKA.10_1,Kalutara
LKA.11_1,Kandy
LKA.12_1,Kegalle
LKA.13_1,Kilinochchi
LKA.14_1,Kurunegala
LKA.15_1,Mannar
LKA.16_1,Matale
LKA.17_1,Matara
LKA.18_1,Moneragala
LKA.19_1,Mullaitivu
LKA.20_1,Nuwara Eliya
LKA.21_1,Polonnaruwa
LKA.22_1,Puttalam
LKA.23_1,Ratnapura
LKA.24_1,Trincomalee
LKA.25_1,Vavuniya
LSO.1_1,Berea
LSO.2_1,Butha-Buthe
LSO.3_1,Leribe
LSO.4_1,Mafeteng
LSO.5_1,Maseru
LSO.6_1,Mohale's Hoek
LSO.7_1,Mokhotlong
LSO.8_1,Qacha's Nek
LSO.9_1,Quthing
LSO.10_1,Thaba-Tseka
LTU.1_1,Alytaus
LTU.2_1,Kauno
LTU.3_1,Klaipedos
LTU.4_1,Marijampoles
LTU.5_1,Panevezio
LTU.6_1,Šiauliai
LTU.7_1,Taurages
LTU.8_1,Telšiai
LTU.9_1,Utenos
LTU.10_1,Vilniaus
LUX.1_1,Diekirch
LUX.2_1,Grevenmacher
LUX.3_1,Luxembourg
LVA.1_1,Kurzeme
LVA.2_1,Latgale
LVA.3_1,Riga
LVA.4_1,Vidzeme
LVA.5_1,Zemgale
MAR.1_1,Chaouia - Ouardigha
MAR.2_1,Doukkala - Abda
MAR.3_1,Fès - Boulemane
MAR.4_1,Gharb - Chrarda - Béni Hssen
MAR.5_1,Grand Casablanca
MAR.6_1,Guelmim - Es-Semara
MAR.7_1,Laâyoune - Boujdour - Sakia El H
MAR.8_1,Marrakech - Tensift - Al Haouz
MAR.9_1,Meknès - Tafilalet
MAR.10_1,Oriental
MAR.11_1,Rabat - Salé - Zemmour - Zaer
MAR.12_1,Souss - Massa - Draâ
MAR.13_1,Tadla - Azilal
MAR.14_1,Tanger - Tétouan
MAR.15_1,Taza - Al Hoceima - Taounate
MDA.1_1,Anenii Noi
MDA.2_1,Bălţi
MDA.3_1,Basarabeasca
MDA.4_1,Bender
MDA.5_1,Briceni
MDA.6_1,Cahul
MDA.7_1,Calarasi
MDA.8_1,Cantemir
MDA.9_1,Causeni
MDA.10_1,Chişinău
MDA.11_1,Cimişlia
MDA.12_1,Criuleni
MDA.13_1,Donduseni
MDA.14_1,Drochia
MDA.15_1,Dubăsari
MDA.16_1,Edineţ
MDA.17_1,Făleşti
MDA.18_1,Floreşti
MDA.19_1,Găgăuzia
MDA.20_1,Glodeni
MDA.21_1,Hîncesti
MDA.22_1,Ialoveni
MDA.23_1,Leova
MDA.24_1,Nisporeni
MDA.25_1,Ocniţa
MDA.26_1,Orhei
MDA.27_1,Rezina
MDA.28_1,Rîşcani
MDA.29_1,Sîngerei
MDA.30_1,Şoldăneşti
MDA.31_1,Soroca
MDA.32_1,Ştefan Voda
MDA.33_1,Străşeni
MDA.34_1,Taraclia
MDA.35_1,Teleneşti
MDA.36_1,Transnistria
MDA.37_1,Ungheni
MDG.1_1,Antananarivo
MDG.2_1,Antsiranana
MDG.3_1,Fianarantsoa
MDG.4_1,Mahajanga
MDG.5_1,Toamasina
MDG.6_1,Toliary
MEX.1_1,Aguascalientes
MEX.3_1,Baja California
MEX.2_1,Baja California Sur
MEX.4_1,Campeche
MEX.5_1,Chiapas
MEX.6_1,Chihuahua
MEX.7_1,Coahuila
MEX.8_1,Colima
MEX.9_1,Distrito Federal
MEX.10_1,Durango
MEX.11_1,Guanajuato
MEX.12_1,Guerrero
MEX.13_1,Hidalgo
MEX.14_1,Jalisco
MEX.15_1,México
MEX.16_1,Michoacán
MEX.17_1,Morelos
MEX.18_1,Nayarit
MEX.19_1,Nuevo León
MEX.20_1,Oaxaca
MEX.21_1,Puebla
MEX.22_1,Querétaro
MEX.23_1,Quintana Roo
MEX.24_1,San Luis Potosí
MEX.25_1,Sinaloa
MEX.26_1,Sonora
MEX.27_1,Tabasco
MEX.28_1,Tamaulipas
MEX.29_1,Tlaxcala
MEX.30_1,Veracruz
MEX.31_1,Yucatán
MEX.32_1,Zacatecas
MHL.1_1,Ailinglaplap
MHL.2_1,Ailuk
MHL.3_1,Arno
MHL.4_1,Aur
MHL.5_1,Ebon
MHL.6_1,Enewetok
MHL.7_1,Jabat
MHL.8_1,Jaluit
MHL.9_1,Kwajalein
MHL.10_1,Lae
MHL.11_1,Lib
MHL.12_1,Likiep
MHL.13_1,Majuro
MHL.14_1,Maloelap
MHL.15_1,Mejit
MHL.16_1,Mili
MHL.17_1,Namorik
MHL.18_1,Namu
MHL.20_1,Ujae
MHL.21_1,Utirik
MHL.22_1,Wotho
MHL.23_1,Wotje
MHL.19_1,Marshall Islands
MKD.1_1,Aerodrom
MKD.2_1,Aracinovo
MKD.3_1,Berovo
MKD.4_1,Bitola
MKD.5_1,Bogdanci
MKD.6_1,Bogovinje
MKD.7_1,Bosilovo
MKD.8_1,Brvenica
MKD.9_1,Butel
MKD.10_1,Čair
MKD.11_1,Čaška
MKD.12_1,Centar
MKD.13_1,Centar župa
MKD.14_1,Češinovo-Obleševo
MKD.15_1,Čučer Sandevo
MKD.16_1,Debar
MKD.17_1,Debarca
MKD.18_1,Delčevo
MKD.19_1,Demir Hisar
MKD.20_1,Demir Kapija
MKD.21_1,Dolneni
MKD.23_1,Gazi Baba
MKD.24_1,Gevgelija
MKD.25_1,Gjorče Petrov
MKD.26_1,Gostivar
MKD.27_1,Gradsko
MKD.28_1,Ilinden
MKD.29_1,Jegunovtse
MKD.30_1,Karbinci
MKD.31_1,Karpoš
MKD.32_1,Kavadartsi
MKD.33_1,Kičevo
MKD.34_1,Kisela Voda
MKD.35_1,Kočani
MKD.36_1,Konče
MKD.37_1,Kratovo
MKD.38_1,Kriva Palanka
MKD.39_1,Krivogaštani
MKD.40_1,Kruševo
MKD.41_1,Kumanovo
MKD.42_1,Lake Ohrid
MKD.43_1,Lipkovo
MKD.44_1,Lozovo
MKD.45_1,Makedonska Kamenica
MKD.46_1,Makedonski Brod
MKD.47_1,Mavrovo and Rostuša
MKD.48_1,Mogila
MKD.49_1,Negotino
MKD.50_1,Novatsi
MKD.51_1,Novo Selo
MKD.52_1,Ohrid
MKD.54_1,Pehčevo
MKD.55_1,Petrovec
MKD.56_1,Plasnica
MKD.57_1,Prilep
MKD.58_1,Probištip
MKD.59_1,Radoviš
MKD.60_1,Rankovce
MKD.61_1,Resen
MKD.62_1,Rosoman
MKD.63_1,Saraj
MKD.64_1,Sopište
MKD.65_1,Star Dojran
MKD.66_1,Staro Nagoričane
MKD.67_1,Štip
MKD.68_1,Struga
MKD.69_1,Strumitsa
MKD.70_1,Studeničani
MKD.71_1,Šuto Orizari
MKD.72_1,Sveti Nikole
MKD.73_1,Tearce
MKD.74_1,Tetovo
MKD.75_1,Valandovo
MKD.76_1,Vasilevo
MKD.77_1,Veles
MKD.78_1,Vevčani
MKD.79_1,Vinitsa
MKD.81_1,Vrapčište
MKD.83_1,Zelenikovo
MKD.84_1,Želino
MKD.85_1,Zrnovci
MLI.1_1,Bamako
MLI.2_1,Gao
MLI.3_1,Kayes
MLI.4_1,Kidal
MLI.5_1,Koulikoro
MLI.6_1,Mopti
MLI.7_1,Ségou
MLI.8_1,Sikasso
MLI.9_1,Timbuktu
MLT.1_1,Ċentrali
MLT.2_1,Għawdex
MLT.3_1,Nofsinhar
MLT.4_1,Tramuntana
MLT.5_1,Xlokk
MMR.1_1,Ayeyarwady
MMR.2_1,Bago
MMR.3_1,Chin
MMR.4_1,Kachin
MMR.5_1,Kayah
MMR.6_1,Kayin
MMR.7_1,Magway
MMR.8_1,Mandalay
MMR.9_1,Mon
MMR.10_1,Naypyitaw
MMR.11_1,Rakhine
MMR.12_1,Sagaing
MMR.13_1,Shan
MMR.14_1,Tanintharyi
MMR.15_1,Yangon
MNE.1_1,Andrijevica
MNE.2_1,Bar
MNE.3_1,Berane
MNE.4_1,Bijelo Polje
MNE.5_1,Budva
MNE.6_1,Cetinje
MNE.7_1,Danilovgrad
MNE.8_1,Herceg Novi
MNE.9_1,Kolašin
MNE.10_1,Kotor
MNE.11_1,Mojkovac
MNE.12_1,Nikšic
MNE.13_1,Plav
MNE.14_1,Pljevlja
MNE.15_1,Plužine
MNE.16_1,Podgorica
MNE.17_1,Rožaje
MNE.18_1,Šavnik
MNE.19_1,Tivat
MNE.20_1,Ulcinj
MNE.21_1,Žabljak
MNG.1_1,Arhangay
MNG.2_1,Bayan-Ölgiy
MNG.3_1,Bayanhongor
MNG.4_1,Bulgan
MNG.5_1,Darhan-Uul
MNG.6_1,Dornod
MNG.7_1,Dornogovi
MNG.8_1,Dundgovi
MNG.9_1,Dzavhan
MNG.10_1,Govi-Altay
MNG.11_1,Govisümber
MNG.12_1,Hentiy
MNG.13_1,Hovd
MNG.14_1,Hövsgöl
MNG.15_1,Ömnögovi
MNG.16_1,Orhon
MNG.17_1,Övörhangay
MNG.18_1,Selenge
MNG.19_1,Sühbaatar
MNG.20_1,Töv
MNG.21_1,Ulaanbaatar
MNG.22_1,Uvs
MNP.1_1,Northern Islands
MNP.2_1,Rota
MNP.3_1,Saipan
MNP.4_1,Tinian
MOZ.1_1,Cabo Delgado
MOZ.2_1,Gaza
MOZ.3_1,Inhambane
MOZ.4_1,Manica
MOZ.6_1,Maputo
MOZ.5_1,Maputo City
MOZ.7_1,Nampula
MOZ.8_1,Nassa
MOZ.9_1,Sofala
MOZ.10_1,Tete
MOZ.11_1,Zambezia
MRT.1_1,Adrar
MRT.2_1,Assaba
MRT.3_1,Brakna
MRT.4_1,Dakhlet Nouadhibou
MRT.5_1,Gorgol
MRT.6_1,Guidimaka
MRT.7_1,Hodh ech Chargui
MRT.8_1,Hodh el Gharbi
MRT.9_1,Inchiri
MRT.10_1,Nouakchott
MRT.11_1,Tagant
MRT.12_1,Tiris Zemmour
MRT.13_1,Trarza
MSR.1_1,Saint Anthon
MSR.2_1,Saint Georges
MSR.3_1,Saint Peter
MTQ.1_1,Fort-de-France
MTQ.2_1,Le Marin
MTQ.3_1,Le Trinité
MTQ.4_1,Saint-Pierre
MUS.1_1,Agalega Islands
MUS.2_1,Black River
MUS.3_1,Flacq
MUS.4_1,Grand Port
MUS.5_1,Moka
MUS.6_1,Pamplemousses
MUS.7_1,Plaines Wilhems
MUS.8_1,Port Louis
MUS.9_1,Rivière du Rempart
MUS.10_1,Rodriguez
MUS.11_1,Saint Brandon
MUS.12_1,Savanne
MWI.1_1,Balaka
MWI.2_1,Blantyre
MWI.3_1,Chikwawa
MWI.4_1,Chiradzulu
MWI.5_1,Chitipa
MWI.6_1,Dedza
MWI.7_1,Dowa
MWI.8_1,Karonga
MWI.9_1,Kasungu
MWI.10_1,Likoma
MWI.11_1,Lilongwe
MWI.12_1,Machinga
MWI.13_1,Mangochi
MWI.14_1,Mchinji
MWI.15_1,Mulanje
MWI.16_1,Mwanza
MWI.17_1,Mzimba
MWI.18_1,Neno
MWI.19_1,Nkhata Bay
MWI.20_1,Nkhotakota
MWI.21_1,Nsanje
MWI.22_1,Ntcheu
MWI.23_1,Ntchisi
MWI.24_1,Phalombe
MWI.25_1,Rumphi
MWI.26_1,Salima
MWI.27_1,Thyolo
MWI.28_1,Zomba
MYS.1_1,Johor
MYS.2_1,Kedah
MYS.3_1,Kelantan
MYS.4_1,Kuala Lumpur
MYS.5_1,Labuan
MYS.6_1,Melaka
MYS.7_1,Negeri Sembilan
MYS.8_1,Pahang
MYS.9_1,Perak
MYS.10_1,Perlis
MYS.11_1,Pulau Pinang
MYS.12_1,Putrajaya
MYS.13_1,Sabah
MYS.14_1,Sarawak
MYS.15_1,Selangor
MYS.16_1,Trengganu
MYT.1_1,Acoua
MYT.2_1,Bandraboua
MYT.3_1,Bandrele
MYT.4_1,Boueni
MYT.5_1,Chiconi
MYT.6_1,Chirongui
MYT.7_1,Dembeni
MYT.8_1,Dzaoudzi
MYT.9_1,Kani-Keli
MYT.10_1,Koungou
MYT.11_1,M'tsangamouji
MYT.12_1,Mamoudzou
MYT.13_1,Mtsamboro
MYT.14_1,Ouangani
MYT.15_1,Pamandzi
MYT.16_1,Sada
MYT.17_1,Tsingoni
NAM.1_1,!Karas
NAM.2_1,Erongo
NAM.3_1,Hardap
NAM.4_1,Kavango
NAM.5_1,Khomas
NAM.6_1,Kunene
NAM.7_1,Ohangwena
NAM.8_1,Omaheke
NAM.9_1,Omusati
NAM.10_1,Oshana
NAM.11_1,Oshikoto
NAM.12_1,Otjozondjupa
NAM.13_1,Zambezi
NCL.1_1,Îles Loyauté
NCL.2_1,Nord
NCL.3_1,Sud
NER.1_1,Agadez
NER.2_1,Diffa
NER.3_1,Dosso
NER.4_1,Maradi
NER.5_1,Niamey
NER.6_1,Tahoua
NER.7_1,Tillabéry
NER.8_1,Zinder
NGA.1_1,Abia
NGA.2_1,Adamawa
NGA.3_1,Akwa Ibom
NGA.4_1,Anambra
NGA.5_1,Bauchi
NGA.6_1,Bayelsa
NGA.7_1,Benue
NGA.8_1,Borno
NGA.9_1,Cross River
NGA.10_1,Delta
NGA.11_1,Ebonyi
NGA.12_1,Edo
NGA.13_1,Ekiti
NGA.14_1,Enugu
NGA.15_1,Federal Capital Territory
NGA.16_1,Gombe
NGA.17_1,Imo
NGA.18_1,Jigawa
NGA.19_1,Kaduna
NGA.20_1,Kano
NGA.21_1,Katsina
NGA.22_1,Kebbi
NGA.23_1,Kogi
NGA.24_1,Kwara
NGA.25_1,Lagos
NGA.26_1,Nasarawa
NGA.27_1,Niger
NGA.28_1,Ogun
NGA.29_1,Ondo
NGA.30_1,Osun
NGA.31_1,Oyo
NGA.32_1,Plateau
NGA.33_1,Rivers
NGA.34_1,Sokoto
NGA.35_1,Taraba
NGA.36_1,Yobe
NGA.37_1,Zamfara
NIC.1_1,Atlántico Norte
NIC.2_1,Atlántico Sur
NIC.3_1,Boaco
NIC.4_1,Carazo
NIC.5_1,Chinandega
NIC.6_1,Chontales
NIC.7_1,Estelí
NIC.8_1,Granada
NIC.9_1,Jinotega
NIC.10_1,Lago Nicaragua
NIC.11_1,León
NIC.12_1,Madriz
NIC.13_1,Managua
NIC.14_1,Masaya
NIC.15_1,Matagalpa
NIC.16_1,Nueva Segovia
NIC.17_1,Río San Juan
NIC.18_1,Rivas
NLD.1_1,Drenthe
NLD.2_1,Flevoland
NLD.3_1,Fryslân
NLD.4_1,Gelderland
NLD.5_1,Groningen
NLD.6_1,IJsselmeer
NLD.7_1,Limburg
NLD.8_1,Noord-Brabant
NLD.9_1,Noord-Holland
NLD.10_1,Overijssel
NLD.11_1,Utrecht
NLD.12_1,Zeeland
NLD.13_1,Zeeuwse meren
NLD.14_1,South Holland
NOR.1_1,Akershus
NOR.2_1,Ãstfold
NOR.3_1,Aust-Agder
NOR.4_1,Buskerud
NOR.5_1,Finnmark
NOR.6_1,Hedmark
NOR.7_1,Hordaland
NOR.8_1,Møre og Romsdal
NOR.9_1,Nord-Trøndelag
NOR.10_1,Nordland
NOR.11_1,Oppland
NOR.12_1,Oslo
NOR.13_1,Rogaland
NOR.14_1,Sogn og Fjordane
NOR.15_1,Sør-Trøndelag
NOR.16_1,Telemark
NOR.17_1,Troms
NOR.18_1,Vest-Agder
NOR.19_1,Vestfold
NPL.1_1,Central
NPL.2_1,East
NPL.3_1,Far-Western
NPL.4_1,Mid-Western
NPL.5_1,West
NRU.1_1,Aiwo
NRU.2_1,Anabar
NRU.3_1,Anetan
NRU.4_1,Anibare
NRU.5_1,Baiti
NRU.6_1,Boe
NRU.7_1,Buada
NRU.8_1,Denigomodu
NRU.9_1,Ewa
NRU.10_1,Ijuw
NRU.11_1,Meneng
NRU.12_1,Nibok
NRU.13_1,Uaboe
NRU.14_1,Yaren
NZL.1_1,Auckland
NZL.2_1,Bay of Plenty
NZL.3_1,Canterbury
NZL.4_1,Chatham Islands
NZL.5_1,Gisborne
NZL.6_1,Hawke's Bay
NZL.7_1,Manawatu-Wanganui
NZL.8_1,Marlborough
NZL.9_1,Nelson
NZL.10_1,Northern Islands
NZL.11_1,Northland
NZL.12_1,Otago
NZL.13_1,Southern Islands
NZL.14_1,Southland
NZL.15_1,Taranaki
NZL.16_1,Tasman
NZL.17_1,Waikato
NZL.18_1,Wellington
NZL.19_1,West Coast
OMN.1_1,Ad Dakhliyah
OMN.2_1,Al Batinah North
OMN.3_1,Al Batinah South
OMN.4_1,Al Buraymi
OMN.5_1,Al Dhahira
OMN.6_1,Al Wusta
OMN.7_1,Ash Sharqiyah North
OMN.8_1,Ash Sharqiyah South
OMN.9_1,Dhofar
OMN.10_1,Musandam
OMN.11_1,Muscat
PAN.1_1,Bocas del Toro
PAN.2_1,Chiriquí
PAN.3_1,Coclé
PAN.4_1,Colón
PAN.5_1,Darién
PAN.6_1,Emberá
PAN.7_1,Herrera
PAN.8_1,Kuna Yala
PAN.9_1,Los Santos
PAN.10_1,Ngöbe Buglé
PAN.12_1,Panamá
PAN.11_1,Panamá Oeste
PAN.13_1,Veraguas
PER.1_1,Amazonas
PER.2_1,Ancash
PER.3_1,Apurímac
PER.4_1,Arequipa
PER.5_1,Ayacucho
PER.6_1,Cajamarca
PER.7_1,Callao
PER.8_1,Cusco
PER.9_1,Huancavelica
PER.10_1,Huánuco
PER.11_1,Ica
PER.12_1,Junín
PER.13_1,La Libertad
PER.14_1,Lambayeque
PER.16_1,Lima
PER.15_1,Lima Province
PER.17_1,Loreto
PER.18_1,Madre de Dios
PER.19_1,Moquegua
PER.20_1,Pasco
PER.21_1,Piura
PER.22_1,Puno
PER.23_1,San Martín
PER.24_1,Tacna
PER.25_1,Tumbes
PER.26_1,Ucayali
PHL.1_1,Abra
PHL.2_1,Agusan del Norte
PHL.3_1,Agusan del Sur
PHL.4_1,Aklan
PHL.5_1,Albay
PHL.6_1,Antique
PHL.7_1,Apayao
PHL.8_1,Aurora
PHL.9_1,Basilan
PHL.10_1,Bataan
PHL.11_1,Batanes
PHL.12_1,Batangas
PHL.13_1,Benguet
PHL.14_1,Biliran
PHL.15_1,Bohol
PHL.16_1,Bukidnon
PHL.17_1,Bulacan
PHL.18_1,Cagayan
PHL.19_1,Camarines Norte
PHL.20_1,Camarines Sur
PHL.21_1,Camiguin
PHL.22_1,Capiz
PHL.23_1,Catanduanes
PHL.24_1,Cavite
PHL.25_1,Cebu
PHL.26_1,Compostela Valley
PHL.27_1,Davao del Norte
PHL.28_1,Davao del Sur
PHL.29_1,Davao Oriental
PHL.30_1,Dinagat Islands
PHL.31_1,Eastern Samar
PHL.32_1,Guimaras
PHL.33_1,Ifugao
PHL.34_1,Ilocos Norte
PHL.35_1,Ilocos Sur
PHL.36_1,Iloilo
PHL.37_1,Isabela
PHL.38_1,Kalinga
PHL.39_1,La Union
PHL.40_1,Laguna
PHL.41_1,Lanao del Norte
PHL.42_1,Lanao del Sur
PHL.43_1,Leyte
PHL.44_1,Maguindanao
PHL.45_1,Marinduque
PHL.46_1,Masbate
PHL.47_1,Metropolitan Manila
PHL.48_1,Misamis Occidental
PHL.49_1,Misamis Oriental
PHL.50_1,Mountain Province
PHL.51_1,Negros Occidental
PHL.52_1,Negros Oriental
PHL.53_1,North Cotabato
PHL.54_1,Northern Samar
PHL.55_1,Nueva Ecija
PHL.56_1,Nueva Vizcaya
PHL.57_1,Occidental Mindoro
PHL.58_1,Oriental Mindoro
PHL.59_1,Palawan
PHL.60_1,Pampanga
PHL.61_1,Pangasinan
PHL.62_1,Quezon
PHL.63_1,Quirino
PHL.64_1,Rizal
PHL.65_1,Romblon
PHL.66_1,Samar
PHL.67_1,Sarangani
PHL.68_1,Siquijor
PHL.69_1,Sorsogon
PHL.70_1,South Cotabato
PHL.71_1,Southern Leyte
PHL.72_1,Sultan Kudarat
PHL.73_1,Sulu
PHL.74_1,Surigao del Norte
PHL.75_1,Surigao del Sur
PHL.76_1,Tarlac
PHL.77_1,Tawi-Tawi
PHL.78_1,Zambales
PHL.79_1,Zamboanga del Norte
PHL.80_1,Zamboanga del Sur
PHL.81_1,Zamboanga Sibugay
PLW.1_1,Aimeliik
PLW.2_1,Airai
PLW.3_1,Angaur
PLW.4_1,Hatohobei
PLW.5_1,Kayangel
PLW.6_1,Koror
PLW.7_1,Melekeok
PLW.8_1,Ngaraard
PLW.9_1,Ngarchelong
PLW.10_1,Ngardmau
PLW.11_1,Ngatpang
PLW.12_1,Ngchesar
PLW.13_1,Ngeremlengui
PLW.14_1,Ngiwal
PLW.15_1,Peleliu
PLW.16_1,Sonsorol
PNG.1_1,Bougainville
PNG.2_1,Central
PNG.3_1,Chimbu
PNG.4_1,East New Britain
PNG.5_1,East Sepik
PNG.6_1,Eastern Highlands
PNG.7_1,Enga
PNG.8_1,Gulf
PNG.9_1,Hela
PNG.10_1,Jiwaka
PNG.11_1,Madang
PNG.12_1,Manus
PNG.13_1,Milne Bay
PNG.14_1,Morobe
PNG.15_1,National Capital District
PNG.16_1,New Ireland
PNG.17_1,Oro
PNG.18_1,Sandaun
PNG.19_1,Southern Highlands
PNG.20_1,West New Britain
PNG.22_1,Western
PNG.21_1,Western Highlands
POL.1_1,Dolnośląskie
POL.2_1,Kujawsko-Pomorskie
POL.3_1,Łódzkie
POL.4_1,Lubelskie
POL.5_1,Lubuskie
POL.6_1,Małopolskie
POL.7_1,Mazowieckie
POL.8_1,Opolskie
POL.9_1,Podkarpackie
POL.10_1,Podlaskie
POL.11_1,Pomorskie
POL.12_1,Śląskie
POL.13_1,Świętokrzyskie
POL.14_1,Warmińsko-Mazurskie
POL.15_1,Wielkopolskie
POL.16_1,Zachodniopomorskie
PRI.1_1,Adjuntas
PRI.2_1,Aguada
PRI.3_1,Aguadilla
PRI.4_1,Aguas Buenas
PRI.5_1,Aibonito
PRI.6_1,Añasco
PRI.7_1,Arecibo
PRI.8_1,Arroyo
PRI.9_1,Barceloneta
PRI.10_1,Barranquitas
PRI.11_1,Bayamón
PRI.12_1,Cabo Rojo
PRI.13_1,Caguas
PRI.14_1,Camuy
PRI.15_1,Canóvanas
PRI.16_1,Carolina
PRI.17_1,Cataño
PRI.18_1,Cayey
PRI.19_1,Ceiba
PRI.20_1,Ciales
PRI.21_1,Cidra
PRI.22_1,Coamo
PRI.23_1,Comerío
PRI.24_1,Corozal
PRI.25_1,Culebra
PRI.26_1,Dorado
PRI.27_1,Fajardo
PRI.28_1,Florida
PRI.29_1,Guánica
PRI.30_1,Guayama
PRI.31_1,Guayanilla
PRI.32_1,Guaynabo
PRI.33_1,Gurabo
PRI.34_1,Hatillo
PRI.35_1,Hormigueros
PRI.36_1,Humacao
PRI.37_1,Isabela
PRI.38_1,Jayuya
PRI.39_1,Juana Díaz
PRI.40_1,Juncos
PRI.41_1,Lajas
PRI.42_1,Lares
PRI.43_1,Las Marías
PRI.44_1,Las Piedras
PRI.45_1,Loíza
PRI.46_1,Luquillo
PRI.47_1,Manatí
PRI.48_1,Maricao
PRI.49_1,Maunabo
PRI.50_1,Mayagüez
PRI.51_1,Moca
PRI.52_1,Morovis
PRI.53_1,Naguabo
PRI.54_1,Naranjito
PRI.55_1,Orocovis
PRI.56_1,Patillas
PRI.57_1,Peñuelas
PRI.58_1,Ponce
PRI.59_1,Quebradillas
PRI.60_1,Rincón
PRI.61_1,Río Grande
PRI.62_1,Sabana Grande
PRI.63_1,Salinas
PRI.64_1,San Germán
PRI.65_1,San Juan
PRI.66_1,San Lorenzo
PRI.67_1,San Sebastián
PRI.68_1,Santa Isabel
PRI.69_1,Toa Alta
PRI.70_1,Toa Baja
PRI.71_1,Trujillo Alto
PRI.72_1,Utuado
PRI.73_1,Vega Alta
PRI.74_1,Vega Baja
PRI.75_1,Vieques
PRI.76_1,Villalba
PRI.77_1,Yabucoa
PRI.78_1,Yauco
PRK.1_1,Chagang-do
PRK.2_1,Hamgyŏng-bukto
PRK.3_1,Hamgyŏng-namdo
PRK.4_1,Hwanghae-bukto
PRK.5_1,Hwanghae-namdo
PRK.6_1,Kaesŏng
PRK.7_1,Kangwŏn-do
PRK.8_1,Kumgangsan
PRK.9_1,P'yŏngan-bukto
PRK.10_1,P'yŏngan-namdo
PRK.11_1,P'yŏngyang
PRK.12_1,Rasŏn
PRK.13_1,Ryanggang
PRK.14_1,Sinŭiju
PRT.1_1,Aveiro
PRT.2_1,Azores
PRT.3_1,Beja
PRT.4_1,Braga
PRT.5_1,Bragança
PRT.6_1,Castelo Branco
PRT.7_1,Coimbra
PRT.8_1,Évora
PRT.9_1,Faro
PRT.10_1,Guarda
PRT.11_1,Leiria
PRT.12_1,Lisboa
PRT.13_1,Madeira
PRT.14_1,Portalegre
PRT.15_1,Porto
PRT.16_1,Santarém
PRT.17_1,Setúbal
PRT.18_1,Viana do Castelo
PRT.19_1,Vila Real
PRT.20_1,Viseu
PRY.1_1,Alto Paraguay
PRY.2_1,Alto Paraná
PRY.3_1,Amambay
PRY.4_1,Asunción
PRY.5_1,Boquerón
PRY.6_1,Caaguazú
PRY.7_1,Caazapá
PRY.8_1,Canindeyú
PRY.9_1,Central
PRY.10_1,Concepción
PRY.11_1,Cordillera
PRY.12_1,Guairá
PRY.13_1,Itapúa
PRY.14_1,Misiones
PRY.15_1,Ñeembucú
PRY.16_1,Paraguarí
PRY.17_1,Presidente Hayes
PRY.18_1,San Pedro
PSE.1_1,Gaza
PSE.2_1,West Bank
PYF.1_1,Îles Australes
PYF.2_1,Îles du Vent
PYF.3_1,Îles Marquises
PYF.4_1,Îles Sous-le-Vent
PYF.5_1,Îles Tuamotu-Gambier
QAT.1_1,Ad Dawhah
QAT.2_1,Al Daayen
QAT.3_1,Al Khor
QAT.4_1,Al Wakrah
QAT.5_1,Ar Rayyan
QAT.6_1,Madinat ash Shamal
QAT.7_1,Umm Salal
REU.1_1,Saint-Benoît
REU.2_1,Saint-Denis
REU.3_1,Saint-Paul
REU.4_1,Saint-Pierre
ROU.1_1,Alba
ROU.2_1,Arad
ROU.3_1,Argeș
ROU.4_1,Bacău
ROU.5_1,Bihor
ROU.6_1,Bistrița-Năsăud
ROU.7_1,Botoșani
ROU.9_1,Brăila
ROU.8_1,Brașov
ROU.10_1,Bucharest
ROU.11_1,Buzău
ROU.12_1,Călărași
ROU.13_1,Caraș-Severin
ROU.14_1,Cluj
ROU.15_1,Constanța
ROU.16_1,Covasna
ROU.17_1,Dâmbovița
ROU.18_1,Dolj
ROU.19_1,Galați
ROU.20_1,Giurgiu
ROU.21_1,Gorj
ROU.22_1,Harghita
ROU.23_1,Hunedoara
ROU.25_1,Ialomița
ROU.24_1,Iași
ROU.26_1,Ilfov
ROU.27_1,Maramureș
ROU.28_1,Mehedinți
ROU.29_1,Mureș
ROU.30_1,Neamț
ROU.31_1,Olt
ROU.32_1,Prahova
ROU.33_1,Sălaj
ROU.34_1,Satu Mare
ROU.35_1,Sibiu
ROU.36_1,Suceava
ROU.37_1,Teleorman
ROU.38_1,Timiș
ROU.39_1,Tulcea
ROU.40_1,Vâlcea
ROU.41_1,Vaslui
ROU.42_1,Vrancea
RUS.1_1,Adygey
RUS.2_1,Altay
RUS.3_1,Amur
RUS.4_1,Arkhangel'sk
RUS.5_1,Astrakhan'
RUS.6_1,Bashkortostan
RUS.7_1,Belgorod
RUS.8_1,Bryansk
RUS.9_1,Buryat
RUS.10_1,Chechnya
RUS.11_1,Chelyabinsk
RUS.12_1,Chukot
RUS.13_1,Chuvash
RUS.14_1,City of St. Petersburg
RUS.15_1,Dagestan
RUS.16_1,Gorno-Altay
RUS.17_1,Ingush
RUS.18_1,Irkutsk
RUS.19_1,Ivanovo
RUS.20_1,Kabardin-Balkar
RUS.21_1,Kaliningrad
RUS.22_1,Kalmyk
RUS.23_1,Kaluga
RUS.24_1,Kamchatka
RUS.25_1,Karachay-Cherkess
RUS.26_1,Karelia
RUS.27_1,Kemerovo
RUS.28_1,Khabarovsk
RUS.29_1,Khakass
RUS.30_1,Khanty-Mansiy
RUS.31_1,Kirov
RUS.32_1,Komi
RUS.33_1,Kostroma
RUS.34_1,Krasnodar
RUS.35_1,Krasnoyarsk
RUS.36_1,Kurgan
RUS.37_1,Kursk
RUS.38_1,Leningrad
RUS.39_1,Lipetsk
RUS.40_1,Magadan
RUS.41_1,Mariy-El
RUS.42_1,Mordovia
RUS.43_1,Moscow City
RUS.44_1,Moskva
RUS.45_1,Murmansk
RUS.46_1,Nenets
RUS.47_1,Nizhegorod
RUS.48_1,North Ossetia
RUS.49_1,Novgorod
RUS.50_1,Novosibirsk
RUS.51_1,Omsk
RUS.52_1,Orel
RUS.53_1,Orenburg
RUS.54_1,Penza
RUS.55_1,Perm'
RUS.56_1,Primor'ye
RUS.57_1,Pskov
RUS.58_1,Rostov
RUS.59_1,Ryazan'
RUS.60_1,Sakha
RUS.61_1,Sakhalin
RUS.62_1,Samara
RUS.63_1,Saratov
RUS.64_1,Smolensk
RUS.65_1,Stavropol'
RUS.66_1,Sverdlovsk
RUS.67_1,Tambov
RUS.68_1,Tatarstan
RUS.69_1,Tomsk
RUS.70_1,Tula
RUS.71_1,Tuva
RUS.72_1,Tver'
RUS.73_1,Tyumen'
RUS.74_1,Udmurt
RUS.75_1,Ul'yanovsk
RUS.76_1,Vladimir
RUS.77_1,Volgograd
RUS.78_1,Vologda
RUS.79_1,Voronezh
RUS.80_1,Yamal-Nenets
RUS.81_1,Yaroslavl'
RUS.82_1,Yevrey
RUS.83_1,Zabaykal'ye
RWA.1_1,Amajyaruguru
RWA.2_1,Amajyepfo
RWA.3_1,Iburasirazuba
RWA.4_1,Iburengerazuba
RWA.5_1,Umujyi wa Kigali
SAU.1_1,'Asir
SAU.2_1,Al Bahah
SAU.3_1,Al Hudud ash Shamaliyah
SAU.4_1,Al Jawf
SAU.5_1,Al Madinah
SAU.6_1,Al Qassim
SAU.7_1,Ar Riyad
SAU.8_1,Ash-Sharqīyah
SAU.9_1,Ḥaʼil
SAU.10_1,Jizan
SAU.11_1,Makkah
SAU.12_1,Najran
SAU.13_1,Tabuk
SDN.1_1,Al Jazirah
SDN.2_1,Al Qadarif
SDN.3_1,Blue Nile
SDN.4_1,Central Darfur
SDN.5_1,East Darfur
SDN.6_1,Kassala
SDN.7_1,Khartoum
SDN.8_1,North Darfur
SDN.9_1,North Kurdufan
SDN.10_1,Northern
SDN.11_1,Red Sea
SDN.12_1,River Nile
SDN.13_1,Sennar
SDN.14_1,South Darfur
SDN.15_1,South Kurdufan
SDN.16_1,West Darfur
SDN.17_1,West Kurdufan
SDN.18_1,White Nile
SEN.1_1,Dakar
SEN.2_1,Diourbel
SEN.3_1,Fatick
SEN.4_1,Kaffrine
SEN.5_1,Kaolack
SEN.6_1,Kédougou
SEN.7_1,Kolda
SEN.8_1,Louga
SEN.9_1,Matam
SEN.10_1,Saint-Louis
SEN.11_1,Sédhiou
SEN.12_1,Tambacounda
SEN.13_1,Thiès
SEN.14_1,Ziguinchor
SGP.1_1,Central
SGP.2_1,East
SGP.3_1,North
SGP.4_1,North-East
SGP.5_1,West
SHN.1_1,Ascension
SHN.2_1,Saint Helena
SHN.3_1,Tristan da Cunha
SJM.1_1,Jan Mayen
SJM.2_1,Svalbard
SLB.1_1,Central
SLB.2_1,Choiseul
SLB.3_1,Guadalcanal
SLB.4_1,Honiara
SLB.5_1,Isabel
SLB.6_1,Makira Ulawa
SLB.7_1,Malaita
SLB.8_1,Rennell and Bellona
SLB.9_1,Temotu
SLB.10_1,Western
SLE.1_1,Eastern
SLE.2_1,Northern
SLE.3_1,Southern
SLE.4_1,Western
SLV.1_1,Ahuachapán
SLV.2_1,Cabañas
SLV.3_1,Chalatenango
SLV.4_1,Cuscatlán
SLV.5_1,La Libertad
SLV.6_1,La Paz
SLV.7_1,La Unión
SLV.8_1,Morazán
SLV.9_1,San Miguel
SLV.10_1,San Salvador
SLV.11_1,San Vicente
SLV.12_1,Santa Ana
SLV.13_1,Sonsonate
SLV.14_1,Usulután
SMR.1_1,Acquaviva
SMR.2_1,Borgo Maggiore
SMR.3_1,Chiesanuova
SMR.4_1,Domagnano
SMR.5_1,Faetano
SMR.6_1,Fiorentino
SMR.7_1,Montegiardino
SMR.8_1,San Marino
SMR.9_1,Serravalle
SOM.1_1,Awdal
SOM.2_1,Bakool
SOM.3_1,Banaadir
SOM.4_1,Bari
SOM.5_1,Bay
SOM.6_1,Galguduud
SOM.7_1,Gedo
SOM.8_1,Hiiraan
SOM.9_1,Jubbada Dhexe
SOM.10_1,Jubbada Hoose
SOM.11_1,Mudug
SOM.12_1,Nugaal
SOM.13_1,Sanaag
SOM.14_1,Shabeellaha Dhexe
SOM.15_1,Shabeellaha Hoose
SOM.16_1,Sool
SOM.17_1,Togdheer
SOM.18_1,Woqooyi Galbeed
SPM.1_1,Miquelon-Langlade
SPM.2_1,Saint-Pierre
SRB.1_1,Borski
SRB.2_1,Braničevski
SRB.3_1,Grad Beograd
SRB.4_1,Jablanički
SRB.5_1,Južno-Bački
SRB.6_1,Južno-Banatski
SRB.7_1,Kolubarski
SRB.8_1,Mačvanski
SRB.9_1,Moravički
SRB.10_1,Nišavski
SRB.11_1,Pčinjski
SRB.12_1,Pirotski
SRB.13_1,Podunavski
SRB.14_1,Pomoravski
SRB.15_1,Rasinski
SRB.16_1,Raški
SRB.17_1,Severno-Bački
SRB.18_1,Severno-Banatski
SRB.19_1,Srednje-Banatski
SRB.20_1,Sremski
SRB.21_1,Šumadijski
SRB.22_1,Toplički
SRB.23_1,Zaječarski
SRB.24_1,Zapadno-Bački
SRB.25_1,Zlatiborski
SSD.1_1,Central Equatoria
SSD.2_1,Eastern Equatoria
SSD.3_1,Jungoli
SSD.4_1,Lakes
SSD.5_1,North Bahr-al-Ghazal
SSD.6_1,Unity
SSD.7_1,Upper Nile
SSD.8_1,Warap
SSD.9_1,West Bahr-al-Ghazal
SSD.10_1,West Equatoria
STP.1_1,Príncipe
STP.2_1,São Tomé
SUR.1_1,Brokopondo
SUR.2_1,Commewijne
SUR.3_1,Coronie
SUR.4_1,Marowijne
SUR.5_1,Nickerie
SUR.6_1,Para
SUR.7_1,Paramaribo
SUR.8_1,Saramacca
SUR.9_1,Sipaliwini
SUR.10_1,Wanica
SVK.1_1,Banskobystrický
SVK.2_1,Bratislavský
SVK.3_1,Košický
SVK.4_1,Nitriansky
SVK.5_1,Prešovský
SVK.6_1,Trenčiansky
SVK.7_1,Trnavský
SVK.8_1,Žilinský
SVN.1_1,Gorenjska
SVN.2_1,Goriška
SVN.3_1,Jugovzhodna Slovenija
SVN.4_1,Koroška
SVN.5_1,Notranjsko-kraška
SVN.6_1,Obalno-kraška
SVN.7_1,Osrednjeslovenska
SVN.8_1,Podravska
SVN.9_1,Pomurska
SVN.10_1,Savinjska
SVN.11_1,Spodnjeposavska
SVN.12_1,Zasavska
SWE.1_1,Blekinge
SWE.2_1,Dalarna
SWE.3_1,Gävleborg
SWE.4_1,Gotland
SWE.5_1,Halland
SWE.6_1,Jämtland
SWE.7_1,Jönköping
SWE.8_1,Kalmar
SWE.9_1,Kronoberg
SWE.10_1,Norrbotten
SWE.11_1,Orebro
SWE.12_1,Östergötland
SWE.13_1,Skåne
SWE.14_1,Södermanland
SWE.15_1,Stockholm
SWE.16_1,Uppsala
SWE.17_1,Värmland
SWE.18_1,Västerbotten
SWE.19_1,Västernorrland
SWE.20_1,Västmanland
SWE.21_1,Västra Götaland
SWZ.1_1,Hhohho
SWZ.2_1,Lubombo
SWZ.3_1,Manzini
SWZ.4_1,Shiselweni
SYC.1_1,Anse aux Pins
SYC.2_1,Anse Boileau
SYC.3_1,Anse Étoile
SYC.4_1,Anse Royale
SYC.5_1,Au Cap
SYC.6_1,Baie Lazare
SYC.7_1,Baie Sainte Anne
SYC.8_1,Beau Vallon
SYC.9_1,Bel Air
SYC.10_1,Belombre
SYC.11_1,Cascade
SYC.12_1,English River
SYC.13_1,Glacis
SYC.14_1,Grand' Anse
SYC.15_1,Grand'Anse Praslin
SYC.16_1,La Digue and Inner Islands
SYC.17_1,Les Mamelles
SYC.18_1,Mont Buxton
SYC.19_1,Mont Fleuri
SYC.20_1,Outer Islands
SYC.21_1,Plaisance
SYC.22_1,Pointe La Rue
SYC.23_1,Port Glaud
SYC.24_1,Roche Caïman
SYC.25_1,Saint Louis
SYC.26_1,Takamaka
SYR.1_1,Al Ḥasakah
SYR.2_1,Aleppo
SYR.3_1,Ar Raqqah
SYR.4_1,As Suwayda'
SYR.5_1,Damascus
SYR.6_1,Dar`a
SYR.7_1,Dayr Az Zawr
SYR.8_1,Hamah
SYR.9_1,Hims
SYR.10_1,Idlib
SYR.11_1,Lattakia
SYR.12_1,Quneitra
SYR.13_1,Rif Dimashq
SYR.14_1,Tartus
TCA.1_1,Grand Turk
TCA.2_1,Middle Caicos
TCA.3_1,North Caicos
TCA.4_1,Providenciales and West Caicos
TCA.5_1,Salt Cay
TCA.6_1,South Caicos and East Caicos
TCD.1_1,Barh el Ghazel
TCD.2_1,Batha
TCD.3_1,Borkou
TCD.4_1,Chari-Baguirmi
TCD.5_1,Ennedi Est
TCD.6_1,Ennedi Ouest
TCD.7_1,Guéra
TCD.8_1,Hadjer-Lamis
TCD.9_1,Kanem
TCD.10_1,Lac
TCD.11_1,Logone Occidental
TCD.12_1,Logone Oriental
TCD.13_1,Mandoul
TCD.14_1,Mayo-Kebbi Est
TCD.15_1,Mayo-Kebbi Ouest
TCD.16_1,Moyen-Chari
TCD.17_1,Ouaddaï
TCD.18_1,Salamat
TCD.19_1,Sila
TCD.20_1,Tandjilé
TCD.21_1,Tibesti
TCD.22_1,Ville de N'Djamena
TCD.23_1,Wadi Fira
TGO.1_1,Centre
TGO.2_1,Kara
TGO.3_1,Maritime
TGO.4_1,Plateaux
TGO.5_1,Savanes
THA.1_1,Amnat Charoen
THA.2_1,Ang Thong
THA.3_1,Bangkok Metropolis
THA.4_1,Bueng Kan
THA.5_1,Buri Ram
THA.6_1,Chachoengsao
THA.7_1,Chai Nat
THA.8_1,Chaiyaphum
THA.9_1,Chanthaburi
THA.10_1,Chiang Mai
THA.11_1,Chiang Rai
THA.12_1,Chon Buri
THA.13_1,Chumphon
THA.14_1,Kalasin
THA.15_1,Kamphaeng Phet
THA.16_1,Kanchanaburi
THA.17_1,Khon Kaen
THA.18_1,Krabi
THA.19_1,Lampang
THA.20_1,Lamphun
THA.21_1,Loei
THA.22_1,Lop Buri
THA.23_1,Mae Hong Son
THA.24_1,Maha Sarakham
THA.25_1,Mukdahan
THA.26_1,Nakhon Nayok
THA.27_1,Nakhon Pathom
THA.28_1,Nakhon Phanom
THA.29_1,Nakhon Ratchasima
THA.30_1,Nakhon Sawan
THA.31_1,Nakhon Si Thammarat
THA.32_1,Thailand
THA.33_1,Narathiwat
THA.34_1,Nong Bua Lam Phu
THA.35_1,Nong Khai
THA.36_1,Nonthaburi
THA.37_1,Pathum Thani
THA.38_1,Pattani
THA.39_1,Phangnga
THA.40_1,Phatthalung
THA.41_1,Phayao
THA.42_1,Phetchabun
THA.43_1,Phetchaburi
THA.44_1,Phichit
THA.45_1,Phitsanulok
THA.46_1,Phra Nakhon Si Ayutthaya
THA.47_1,Phrae
THA.48_1,Phuket
THA.49_1,Prachin Buri
THA.50_1,Prachuap Khiri Khan
THA.51_1,Ranong
THA.52_1,Ratchaburi
THA.53_1,Rayong
THA.54_1,Roi Et
THA.55_1,Sa Kaeo
THA.56_1,Sakon Nakhon
THA.57_1,Samut Prakan
THA.58_1,Samut Sakhon
THA.59_1,Samut Songkhram
THA.60_1,Saraburi
THA.61_1,Satun
THA.62_1,Si Sa Ket
THA.63_1,Sing Buri
THA.64_1,Songkhla
THA.65_1,Sukhothai
THA.66_1,Suphan Buri
THA.67_1,Surat Thani
THA.68_1,Surin
THA.69_1,Tak
THA.70_1,Trang
THA.71_1,Trat
THA.72_1,Ubon Ratchathani
THA.73_1,Udon Thani
THA.74_1,Uthai Thani
THA.75_1,Uttaradit
THA.76_1,Yala
THA.77_1,Yasothon
TJK.5_1,Districts of Republican Subordin
TJK.1_1,Dushanbe
TJK.2_1,Gorno-Badakhshan
TJK.3_1,Khatlon
TJK.4_1,Sughd
TKL.1_1,Anafu
TKL.2_1,Fakaofo
TKL.3_1,Nukunonu
TKM.1_1,Ahal
TKM.2_1,Aşgabat
TKM.3_1,Balkan
TKM.6_1,Daşoguz
TKM.4_1,Lebap
TKM.5_1,Mary
TLS.1_1,Aileu
TLS.2_1,Ainaro
TLS.3_1,Ambeno
TLS.4_1,Baucau
TLS.5_1,Bobonaro
TLS.6_1,Covalima
TLS.7_1,Dili
TLS.8_1,Ermera
TLS.9_1,Lautém
TLS.10_1,Liquiçá
TLS.11_1,Manatuto
TLS.12_1,Manufahi
TLS.13_1,Viqueque
TON.1_1,'Eua
TON.2_1,Ha'apai
TON.3_1,Niuas
TON.4_1,Tongatapu
TON.5_1,Vava'u
TTO.1_1,Arima
TTO.2_1,Chaguanas
TTO.3_1,Couva-Tabaquite-Talparo
TTO.4_1,Diego Martin
TTO.5_1,Mayaro/Rio Claro
TTO.6_1,Penal-Debe
TTO.7_1,Point Fortin
TTO.8_1,Port of Spain
TTO.9_1,Princes Town
TTO.10_1,San Fernando
TTO.11_1,San Juan-Laventille
TTO.12_1,Sangre Grande
TTO.13_1,Siparia
TTO.14_1,Tobago
TTO.15_1,Tunapuna/Piarco
TUN.1_1,Ariana
TUN.2_1,Béja
TUN.3_1,Ben Arous (Tunis Sud)
TUN.4_1,Bizerte
TUN.5_1,Gabès
TUN.6_1,Gafsa
TUN.7_1,Jendouba
TUN.8_1,Kairouan
TUN.9_1,Kassérine
TUN.10_1,Kebili
TUN.11_1,Le Kef
TUN.12_1,Mahdia
TUN.13_1,Manubah
TUN.14_1,Médenine
TUN.15_1,Monastir
TUN.16_1,Nabeul
TUN.17_1,Sfax
TUN.18_1,Sidi Bou Zid
TUN.19_1,Siliana
TUN.20_1,Sousse
TUN.21_1,Tataouine
TUN.22_1,Tozeur
TUN.23_1,Tunis
TUN.24_1,Zaghouan
TUR.1_1,Adana
TUR.2_1,Adiyaman
TUR.3_1,Afyon
TUR.4_1,Agri
TUR.5_1,Aksaray
TUR.6_1,Amasya
TUR.7_1,Ankara
TUR.8_1,Antalya
TUR.9_1,Ardahan
TUR.10_1,Artvin
TUR.11_1,Aydin
TUR.12_1,Balikesir
TUR.13_1,Bartın
TUR.14_1,Batman
TUR.15_1,Bayburt
TUR.16_1,Bilecik
TUR.17_1,Bingöl
TUR.18_1,Bitlis
TUR.19_1,Bolu
TUR.20_1,Burdur
TUR.21_1,Bursa
TUR.22_1,Çanakkale
TUR.23_1,Çankiri
TUR.24_1,Çorum
TUR.25_1,Denizli
TUR.26_1,Diyarbakir
TUR.27_1,Düzce
TUR.28_1,Edirne
TUR.29_1,Elazığ
TUR.30_1,Erzincan
TUR.31_1,Erzurum
TUR.32_1,Eskisehir
TUR.33_1,Gaziantep
TUR.34_1,Giresun
TUR.35_1,Gümüshane
TUR.36_1,Hakkari
TUR.37_1,Hatay
TUR.38_1,Iğdır
TUR.39_1,Isparta
TUR.40_1,Istanbul
TUR.41_1,Izmir
TUR.42_1,K. Maras
TUR.43_1,Karabük
TUR.44_1,Karaman
TUR.45_1,Kars
TUR.46_1,Kastamonu
TUR.47_1,Kayseri
TUR.48_1,Kilis
TUR.49_1,Kinkkale
TUR.50_1,Kirklareli
TUR.51_1,Kirsehir
TUR.52_1,Kocaeli
TUR.53_1,Konya
TUR.54_1,Kütahya
TUR.55_1,Malatya
TUR.56_1,Manisa
TUR.57_1,Mardin
TUR.58_1,Mersin
TUR.59_1,Mugla
TUR.60_1,Mus
TUR.61_1,Nevsehir
TUR.62_1,Nigde
TUR.63_1,Ordu
TUR.64_1,Osmaniye
TUR.65_1,Rize
TUR.66_1,Sakarya
TUR.67_1,Samsun
TUR.68_1,Sanliurfa
TUR.69_1,Siirt
TUR.70_1,Sinop
TUR.71_1,Sirnak
TUR.72_1,Sivas
TUR.73_1,Tekirdag
TUR.74_1,Tokat
TUR.75_1,Trabzon
TUR.76_1,Tunceli
TUR.77_1,Usak
TUR.78_1,Van
TUR.79_1,Yalova
TUR.80_1,Yozgat
TUR.81_1,Zinguldak
TUV.1_1,Funafuti
TUV.2_1,Nanumanga
TUV.3_1,Nanumea
TUV.4_1,Niulakita
TUV.5_1,Niutao
TUV.6_1,Nui
TUV.7_1,Nukufetau
TUV.8_1,Nukulaelae
TUV.9_1,Vaitupu
TWN.1_1,Fujian
TWN.2_1,Kaohsiung
TWN.3_1,New Taipei
TWN.4_1,Taichung
TWN.5_1,Tainan
TWN.6_1,Taipei
TWN.7_1,Taiwan
TZA.1_1,Arusha
TZA.2_1,Dar es Salaam
TZA.3_1,Dodoma
TZA.4_1,Geita
TZA.5_1,Iringa
TZA.6_1,Kagera
TZA.18_1,Kaskazini Pemba
TZA.28_1,Kaskazini Unguja
TZA.7_1,Katavi
TZA.8_1,Kigoma
TZA.9_1,Kilimanjaro
TZA.19_1,Kusini Pemba
TZA.29_1,Kusini Unguja
TZA.10_1,Lindi
TZA.11_1,Manyara
TZA.12_1,Mara
TZA.13_1,Mbeya
TZA.30_1,Mjini Magharibi
TZA.14_1,Morogoro
TZA.15_1,Mtwara
TZA.16_1,Mwanza
TZA.17_1,Njombe
TZA.20_1,Pwani
TZA.21_1,Rukwa
TZA.22_1,Ruvuma
TZA.23_1,Shinyanga
TZA.24_1,Simiyu
TZA.25_1,Singida
TZA.31_1,Songwe
TZA.26_1,Tabora
TZA.27_1,Tanga
UGA.1_1,Adjumani
UGA.2_1,Apac
UGA.3_1,Arua
UGA.4_1,Bugiri
UGA.5_1,Bundibugyo
UGA.6_1,Bushenyi
UGA.7_1,Busia
UGA.8_1,Gulu
UGA.9_1,Hoima
UGA.10_1,Iganga
UGA.11_1,Jinja
UGA.12_1,Kabale
UGA.13_1,Kabarole
UGA.14_1,Kaberamaido
UGA.15_1,Kalangala
UGA.16_1,Kampala
UGA.17_1,Kamuli
UGA.18_1,Kamwenge
UGA.19_1,Kanungu
UGA.20_1,Kapchorwa
UGA.21_1,Kasese
UGA.22_1,Katakwi
UGA.23_1,Kayunga
UGA.24_1,Kibale
UGA.25_1,Kiboga
UGA.26_1,Kisoro
UGA.27_1,Kitgum
UGA.28_1,Kotido
UGA.29_1,Kumi
UGA.30_1,Kyenjojo
UGA.31_1,Lake Albert
UGA.32_1,Lake Victoria
UGA.33_1,Lira
UGA.34_1,Luwero
UGA.35_1,Masaka
UGA.36_1,Masindi
UGA.37_1,Mayuge
UGA.38_1,Mbale
UGA.39_1,Mbarara
UGA.40_1,Moroto
UGA.41_1,Moyo
UGA.42_1,Mpigi
UGA.43_1,Mubende
UGA.44_1,Mukono
UGA.45_1,Nakapiripirit
UGA.46_1,Nakasongola
UGA.47_1,Nebbi
UGA.48_1,Ntungamo
UGA.49_1,Pader
UGA.50_1,Pallisa
UGA.51_1,Rakai
UGA.52_1,Rukungiri
UGA.53_1,Sembabule
UGA.54_1,Sironko
UGA.55_1,Soroti
UGA.56_1,Tororo
UGA.57_1,Wakiso
UGA.58_1,Yumbe
UKR.1_1,Cherkasy
UKR.2_1,Chernihiv
UKR.3_1,Chernivtsi
UKR.4_1,Crimea
UKR.5_1,Dnipropetrovs'k
UKR.6_1,Donets'k
UKR.7_1,Ivano-Frankivs'k
UKR.8_1,Kharkiv
UKR.9_1,Kherson
UKR.10_1,Khmel'nyts'kyy
UKR.12_1,Kiev
UKR.11_1,Kiev City
UKR.13_1,Kirovohrad
UKR.14_1,L'viv
UKR.15_1,Luhans'k
UKR.16_1,Mykolayiv
UKR.17_1,Odessa
UKR.18_1,Poltava
UKR.19_1,Rivne
UKR.20_1,Sevastopol'
UKR.21_1,Sumy
UKR.22_1,Ternopil'
UKR.24_1,Vinnytsya
UKR.25_1,Volyn
UKR.23_1,Zakarpattia
UKR.26_1,Zaporizhia
UKR.27_1,Zhytomyr
UMI.1_1,Baker
UMI.2_1,Howland
UMI.3_1,Jarvis island
UMI.4_1,Johnston
UMI.5_1,Kingman Reef
UMI.6_1,Midway
UMI.7_1,Navassa
UMI.8_1,Palmyra
UMI.9_1,Wake
URY.1_2,Artigas
URY.2_2,Canelones
URY.3_2,Cerro Largo
URY.4_2,Colonia
URY.5_2,Durazno
URY.6_2,Flores
URY.7_2,Florida
URY.8_2,Lavalleja
URY.9_2,Maldonado
URY.10_2,Montevideo
URY.11_2,Paysandú
URY.12_2,Río Negro
URY.13_2,Rivera
URY.14_2,Rocha
URY.15_2,Salto
URY.16_2,San José
URY.17_2,Soriano
URY.18_2,Tacuarembó
URY.19_2,Treinta y Tres
USA.1_1,Alabama
USA.2_1,Alaska
USA.3_1,Arizona
USA.4_1,Arkansas
USA.5_1,California
USA.6_1,Colorado
USA.7_1,Connecticut
USA.8_1,Delaware
USA.9_1,District of Columbia
USA.10_1,Florida
USA.11_1,Georgia
USA.12_1,Hawaii
USA.13_1,Idaho
USA.14_1,Illinois
USA.15_1,Indiana
USA.16_1,Iowa
USA.17_1,Kansas
USA.18_1,Kentucky
USA.19_1,Louisiana
USA.20_1,Maine
USA.21_1,Maryland
USA.22_1,Massachusetts
USA.23_1,Michigan
USA.24_1,Minnesota
USA.25_1,Mississippi
USA.26_1,Missouri
USA.27_1,Montana
USA.28_1,Nebraska
USA.29_1,Nevada
USA.30_1,New Hampshire
USA.31_1,New Jersey
USA.32_1,New Mexico
USA.33_1,New York
USA.34_1,North Carolina
USA.35_1,North Dakota
USA.36_1,Ohio
USA.37_1,Oklahoma
USA.38_1,Oregon
USA.39_1,Pennsylvania
USA.40_1,Rhode Island
USA.41_1,South Carolina
USA.42_1,South Dakota
USA.43_1,Tennessee
USA.44_1,Texas
USA.45_1,Utah
USA.46_1,Vermont
USA.47_1,Virginia
USA.48_1,Washington
USA.49_1,West Virginia
USA.50_1,Wisconsin
USA.51_1,Wyoming
UZB.1_1,Andijon
UZB.2_1,Buxoro
UZB.3_1,Farg'ona
UZB.4_1,Jizzax
UZB.8_1,Namangan
UZB.9_1,Navoiy
UZB.5_1,Qaraqalpaqstan
UZB.6_1,Qashqadaryo
UZB.10_1,Samarqand'
UZB.11_1,Sirdaryo
UZB.12_1,Surxondaryo
UZB.14_1,Toshkent
UZB.13_1,Toshkent Shahri
UZB.7_1,Xorazm
VCT.1_1,Charlotte
VCT.2_1,Grenadines
VCT.3_1,Saint Andrew
VCT.4_1,Saint David
VCT.5_1,Saint George
VCT.6_1,Saint Patrick
VEN.1_1,Amazonas
VEN.2_1,Anzoátegui
VEN.3_1,Apure
VEN.4_1,Aragua
VEN.5_1,Barinas
VEN.6_1,Bolívar
VEN.7_1,Carabobo
VEN.8_1,Cojedes
VEN.9_1,Delta Amacuro
VEN.10_1,Dependencias Federales
VEN.11_1,Distrito Capital
VEN.12_1,Falcón
VEN.13_1,Guárico
VEN.14_1,Lara
VEN.15_1,Mérida
VEN.16_1,Miranda
VEN.17_1,Monagas
VEN.18_1,Nueva Esparta
VEN.19_1,Portuguesa
VEN.20_1,Sucre
VEN.21_1,Táchira
VEN.22_1,Trujillo
VEN.23_1,Vargas
VEN.24_1,Yaracuy
VEN.25_1,Zulia
VGB.1_1,Anegada
VGB.2_1,Jost Van Dyke
VGB.3_1,Other Islands
VGB.4_1,Tortola
VGB.5_1,Virgin Gorda
VIR.1_1,Saint Croix
VIR.2_1,Saint John
VIR.3_1,Saint Thomas
VNM.1_1,An Giang
VNM.7_1,Bà Rịa - Vũng Tàu
VNM.3_1,Bắc Giang
VNM.4_1,Bắc Kạn
VNM.2_1,Bạc Liêu
VNM.5_1,Bắc Ninh
VNM.6_1,Bến Tre
VNM.8_1,Bình Định
VNM.9_1,Bình Dương
VNM.10_1,Bình Phước
VNM.11_1,Bình Thuận
VNM.13_1,Cà Mau
VNM.12_1,Cần Thơ
VNM.14_1,Cao Bằng
VNM.19_1,Đà Nẵng
VNM.15_1,Đắk Lắk
VNM.16_1,Đắk Nông
VNM.20_1,Điện Biên
VNM.17_1,Đồng Nai
VNM.18_1,Đồng Tháp
VNM.21_1,Gia Lai
VNM.26_1,Hà Giang
VNM.28_1,Hà Nam
VNM.27_1,Hà Nội
VNM.29_1,Hà Tĩnh
VNM.22_1,Hải Dương
VNM.23_1,Hải Phòng
VNM.24_1,Hậu Giang
VNM.25_1,Hồ Chí Minh
VNM.30_1,Hoà Bình
VNM.31_1,Hưng Yên
VNM.32_1,Khánh Hòa
VNM.33_1,Kiên Giang
VNM.34_1,Kon Tum
VNM.36_1,Lai Châu
VNM.37_1,Lâm Đồng
VNM.35_1,Lạng Sơn
VNM.38_1,Lào Cai
VNM.39_1,Long An
VNM.40_1,Nam Định
VNM.41_1,Nghệ An
VNM.42_1,Ninh Bình
VNM.43_1,Ninh Thuận
VNM.44_1,Phú Thọ
VNM.45_1,Phú Yên
VNM.46_1,Quảng Bình
VNM.47_1,Quảng Nam
VNM.48_1,Quảng Ngãi
VNM.49_1,Quảng Ninh
VNM.50_1,Quảng Trị
VNM.51_1,Sóc Trăng
VNM.52_1,Sơn La
VNM.53_1,Tây Ninh
VNM.55_1,Thái Bình
VNM.56_1,Thái Nguyên
VNM.57_1,Thanh Hóa
VNM.54_1,Thừa Thiên Huế
VNM.58_1,Tiền Giang
VNM.59_1,Trà Vinh
VNM.60_1,Tuyên Quang
VNM.61_1,Vĩnh Long
VNM.62_1,Vĩnh Phúc
VNM.63_1,Yên Bái
VUT.1_1,Malampa
VUT.2_1,Penama
VUT.3_1,Sanma
VUT.4_1,Shefa
VUT.5_1,Tafea
VUT.6_1,Torba
WLF.1_1,Alo
WLF.2_1,Singave
WLF.3_1,Uvéa
WSM.1_1,A'ana
WSM.2_1,Aiga-i-le-Tai
WSM.3_1,Atua
WSM.4_1,Fa'asaleleaga
WSM.5_1,Gaga'emauga
WSM.6_1,Gagaifomauga
WSM.7_1,Palauli
WSM.8_1,Satupa'itea
WSM.9_1,Tuamasaga
WSM.10_1,Va'a-o-Fonoti
WSM.11_1,Vaisigano
XAD.1_1,Akrotiri
XAD.2_1,Dhekelia
XKO.1_1,Đakovica
XKO.2_1,Gnjilane
XKO.3_1,Kosovska Mitrovica
XKO.4_1,Pećki
XKO.5_1,Pristina
XKO.6_1,Prizren
XKO.7_1,Uroševac
YEM.1_1,`Adan
YEM.2_1,Abyan
YEM.3_1,Al Bayda'
YEM.4_1,Al Dali'
YEM.5_1,Al Hudaydah
YEM.6_1,Al Jawf
YEM.7_1,Al Mahrah
YEM.8_1,Al Mahwit
YEM.9_1,Amanat Al Asimah
YEM.10_1,Amran
YEM.11_1,Dhamar
YEM.12_1,Hadramawt
YEM.13_1,Hajjah
YEM.14_1,Ibb
YEM.15_1,Lahij
YEM.16_1,Ma'rib
YEM.17_1,Raymah
YEM.18_1,Sa`dah
YEM.19_1,San`a'
YEM.20_1,Shabwah
YEM.21_1,Ta`izz
ZAF.1_1,Eastern Cape
ZAF.2_1,Free State
ZAF.3_1,Gauteng
ZAF.4_1,KwaZulu-Natal
ZAF.5_1,Limpopo
ZAF.6_1,Mpumalanga
ZAF.7_1,North West
ZAF.8_1,Northern Cape
ZAF.9_1,Western Cape
ZMB.1_1,Central
ZMB.2_1,Copperbelt
ZMB.3_1,Eastern
ZMB.4_1,Luapula
ZMB.5_1,Lusaka
ZMB.6_1,Muchinga
ZMB.7_1,North-Western
ZMB.8_1,Northern
ZMB.9_1,Southern
ZMB.10_1,Western
ZNC.1_1,Gazimağusa
ZNC.2_1,Girne
ZNC.3_1,Güzelyurt
ZNC.4_1,Iskele
ZNC.5_1,Nicosia
ZWE.1_1,Bulawayo
ZWE.2_1,Harare
ZWE.3_1,Manicaland
ZWE.4_1,Mashonaland Central
ZWE.5_1,Mashonaland East
ZWE.6_1,Mashonaland West
ZWE.7_1,Masvingo
ZWE.8_1,Matabeleland North
ZWE.9_1,Matabeleland South
ZWE.10_1,Midlands
CHN.10_1,Hebei
CHN.11_1,Heilongjiang
CHN.12_1,Henan
CHN.13_1,Hubei
CHN.14_1,Hunan
CHN.15_1,Jiangsu
CHN.16_1,Jiangxi
CHN.17_1,Jilin
CHN.18_1,Liaoning
CHN.19_1,Nei Mongol
CHN.1_1,Anhui
CHN.20_1,Ningxia Hui
CHN.21_1,Qinghai
CHN.22_1,Shaanxi
CHN.23_1,Shandong
CHN.24_1,Shanghai
CHN.25_1,Shanxi
CHN.26_1,Sichuan
CHN.27_1,Tianjin
CHN.28_1,Xinjiang Uygur
CHN.29_1,Xizang
CHN.2_1,Beijing
CHN.30_1,Yunnan
CHN.31_1,Zhejiang
CHN.3_1,Chongqing
CHN.4_1,Fujian
CHN.5_1,Gansu
CHN.6_1,Guangdong
CHN.7_1,Guangxi
CHN.8_1,Guizhou
CHN.9_1,Hainan
CHN.HKG,Hong Kong
CHN.MAC,Macau
IND.10_1,Goa
IND.11_1,Gujarat
IND.12_1,Haryana
IND.13_1,Himachal Pradesh
IND.14_1,Jammu and Kashmir
IND.15_1,Jharkhand
IND.16_1,Karnataka
IND.17_1,Kerala
IND.18_1,Lakshadweep
IND.19_1,Madhya Pradesh
IND.1_1,Andaman and Nicobar
IND.20_1,Maharashtra
IND.21_1,Manipur
IND.22_1,Meghalaya
IND.23_1,Mizoram
IND.24_1,Nagaland
IND.25_1,NCT of Delhi
IND.26_1,Odisha
IND.27_1,Puducherry
IND.28_1,Punjab
IND.29_1,Rajasthan
IND.2_1,Andhra Pradesh
IND.30_1,Sikkim
IND.31_1,Tamil Nadu
IND.32_1,Telangana
IND.33_1,Tripura
IND.34_1,Uttar Pradesh
IND.35_1,Uttarakhand
IND.36_1,West Bengal
IND.3_1,Arunachal Pradesh
IND.4_1,Assam
IND.5_1,Bihar
IND.6_1,Chandigarh
IND.7_1,Chhattisgarh
IND.8_1,Dadra and Nagar Haveli
IND.9_1,Daman and Diu
PAK.1_1,Azad Kashmir
PAK.2_1,Balochistan
PAK.3_1,Federally Administered Tribal Ar
PAK.4_1,Islamabad
PAK.5_1,Khyber-Pakhtunkhwa
PAK.6_1,Gilgit-Baltistan
PAK.7_1,Punjab
PAK.8_1,Sindh
ABW.1_1,Aruba
ATA.1_1,Antarctica
BVT.1_1,Bouvet Island
CCK.1_1,Cocos Islands
CUW.1_1,Curaçao
CXR.1_1,Christmas Island
FLK.1_1,Falkland Islands
GIB.1_1,Gibraltar
HMD.1_1,Heard Island and McDonald Island
IOT.1_1,British Indian Ocean Territory
KIR.1_1,Kiribati
MAF.1_1,Saint-Martin
MCO.1_1,Monaco
MDV.1_1,Maldives
NFK.1_1,Norfolk Island
NIU.1_1,Niue
PCN.1_1,Pitcairn Islands
SGS.1_1,South Georgia and the South Sand
SXM.1_1,Sint Maarten
VAT.1_1,Vatican City
XCL.1_1,Clipperton Island
XPI.1_1,Paracel Islands
XSP.1_1,Spratly Islands
